date,type,instrument_id,symbol,quantity,price,currency,amount,fees,taxes,to_currency,to_amount
2016-01-06,DEPOSIT,,,,,COP,20000000,,,,
2016-01-06,DEPOSIT,,,,,USD,5000,,,,
2016-01-06,DEPOSIT,,,,,BRL,20000,,,,
2016-01-08,BUY,XNAS:MSFT,MSFT,18,202.59,USD,,1,,,
2016-01-09,DIVIDEND,XBOG:ECOPETROL,ECOPETROL,,,COP,23.56,,21.68,,
2016-01-10,BUY,BVMF:WEGE3,WEGE3,14,25.89,BRL,,1,,,
2016-01-11,DIVIDEND,XNYS:KO,KO,,,USD,315.58,,47.39,,
2016-01-13,BUY,XBOG:ECOPETROL,ECOPETROL,200,2404.26,COP,,1,,,
2016-01-14,BUY,ARCX:VOO,VOO,18,277.69,USD,,1,,,
2016-01-16,BUY,XNYS:KO,KO,6,40.95,USD,,1,,,
2016-01-17,BUY,BVMF:WEGE3,WEGE3,3,42.06,BRL,,1,,,
2016-01-18,BUY,BVMF:WEGE3,WEGE3,14,48.87,BRL,,1,,,
2016-01-20,BUY,BVMF:ITUB4,ITUB4,12,25.19,BRL,,1,,,
2016-01-21,BUY,XBOG:ECOPETROL,ECOPETROL,300,2436.94,COP,,1,,,
2016-01-23,DIVIDEND,XNAS:GOOGL,GOOGL,,,USD,227.17,,30.45,,
2016-01-24,BUY,BVMF:PETR4,PETR4,6,42.20,BRL,,1,,,
2016-01-25,DIVIDEND,BVMF:PETR4,PETR4,,,BRL,24.41,,33.41,,
2016-01-27,BUY,XBOG:ISA,ISA,2000,17952.12,COP,,1,,,
2016-01-29,BUY,XNAS:MSFT,MSFT,9,293.78,USD,,1,,,
2016-01-30,BUY,XNAS:GOOGL,GOOGL,10,156.48,USD,,1,,,
2016-02-01,BUY,BVMF:PETR4,PETR4,12,21.63,BRL,,1,,,
2016-02-03,BUY,XNAS:NVDA,NVDA,4,99.50,USD,,1,,,
2016-02-04,SELL,ARCX:VOO,VOO,4,535.35,USD,,1,,,
2016-02-06,BUY,BVMF:ITUB4,ITUB4,3,21.99,BRL,,1,,,
2016-02-08,BUY,ARCX:VOO,VOO,14,516.48,USD,,1,,,
2016-02-10,SELL,XBOG:ISA,ISA,500,23089.02,COP,,1,,,
2016-02-12,DIVIDEND,ARCX:VOO,VOO,,,USD,46.08,,7.56,,
2016-02-13,BUY,XNAS:NVDA,NVDA,6,81.02,USD,,1,,,
2016-02-14,BUY,BVMF:WEGE3,WEGE3,12,43.51,BRL,,1,,,
2016-02-16,DIVIDEND,XNAS:GOOGL,GOOGL,,,USD,430.30,,47.51,,
2016-02-17,BUY,XNYS:KO,KO,18,54.83,USD,,1,,,
2016-02-19,BUY,BVMF:ITUB4,ITUB4,13,19.49,BRL,,1,,,
2016-02-20,DIVIDEND,BVMF:ITUB4,ITUB4,,,BRL,85.34,,17.00,,
2016-02-21,BUY,XNAS:NVDA,NVDA,5,102.93,USD,,1,,,
2016-02-23,BUY,XNAS:MSFT,MSFT,7,327.38,USD,,1,,,
2016-02-24,BUY,XBOG:ISA,ISA,2000,16043.95,COP,,1,,,
2016-02-25,BUY,BVMF:ITUB4,ITUB4,15,29.53,BRL,,1,,,
2016-02-27,BUY,XNAS:MSFT,MSFT,11,357.68,USD,,1,,,
2016-02-29,SELL,ARCX:VOO,VOO,7,446.53,USD,,1,,,
2016-03-01,DIVIDEND,BVMF:WEGE3,WEGE3,,,BRL,184.07,,34.50,,
2016-03-02,DEPOSIT,,,,,COP,20000000,,,,
2016-03-02,DEPOSIT,,,,,USD,5000,,,,
2016-03-02,DEPOSIT,,,,,BRL,20000,,,,
2016-03-04,DIVIDEND,XNAS:MSFT,MSFT,,,USD,349.62,,13.06,,
2016-03-06,DIVIDEND,XBOG:ISA,ISA,,,COP,387.11,,26.63,,
2016-03-08,BUY,XNAS:NVDA,NVDA,7,124.49,USD,,1,,,
2016-03-10,SELL,XBOG:ECOPETROL,ECOPETROL,125,1839.81,COP,,1,,,
2016-03-12,BUY,XNAS:AAPL,AAPL,1,184.81,USD,,1,,,
2016-03-14,BUY,XNAS:GOOGL,GOOGL,20,191.13,USD,,1,,,
2016-03-16,SELL,XNAS:GOOGL,GOOGL,7,222.33,USD,,1,,,
2016-03-18,BUY,XNAS:MSFT,MSFT,8,292.82,USD,,1,,,
2016-03-20,BUY,XNAS:NVDA,NVDA,20,127.23,USD,,1,,,
2016-03-22,DIVIDEND,XBOG:ISA,ISA,,,COP,400.82,,4.24,,
2016-03-23,DIVIDEND,XNAS:GOOGL,GOOGL,,,USD,376.32,,23.90,,
2016-03-24,BUY,XNYS:KO,KO,11,40.16,USD,,1,,,
2016-03-26,BUY,XNAS:GOOGL,GOOGL,3,165.18,USD,,1,,,
2016-03-27,DIVIDEND,XNAS:AAPL,AAPL,,,USD,79.82,,45.24,,
2016-03-28,BUY,XNAS:NVDA,NVDA,16,112.58,USD,,1,,,
2016-03-30,BUY,BVMF:WEGE3,WEGE3,5,24.68,BRL,,1,,,
2016-03-31,BUY,ARCX:VOO,VOO,14,555.70,USD,,1,,,
2016-04-01,SELL,XBOG:ECOPETROL,ECOPETROL,93,1444.39,COP,,1,,,
2016-04-02,BUY,XBOG:ECOPETROL,ECOPETROL,1900,1979.82,COP,,1,,,
2016-04-04,SELL,XNAS:AAPL,AAPL,1,226.50,USD,,1,,,
2016-04-06,DIVIDEND,XNYS:KO,KO,,,USD,293.76,,45.21,,
2016-04-08,SELL,BVMF:WEGE3,WEGE3,12,29.23,BRL,,1,,,
2016-04-09,BUY,XNAS:AAPL,AAPL,15,183.18,USD,,1,,,
2016-04-10,SELL,ARCX:VOO,VOO,8,308.94,USD,,1,,,
2016-04-12,BUY,XNAS:MSFT,MSFT,18,194.82,USD,,1,,,
2016-04-14,SELL,XNAS:MSFT,MSFT,17,444.97,USD,,1,,,
2016-04-15,BUY,XBOG:PFBCOLOM,PFBCOLOM,200,42623.31,COP,,1,,,
2016-04-17,BUY,XNAS:MSFT,MSFT,15,258.15,USD,,1,,,
2016-04-18,BUY,BVMF:ITUB4,ITUB4,17,30.80,BRL,,1,,,
2016-04-20,BUY,XBOG:ECOPETROL,ECOPETROL,1700,2992.83,COP,,1,,,
2016-04-22,DIVIDEND,XBOG:ECOPETROL,ECOPETROL,,,COP,420.80,,6.86,,
2016-04-23,BUY,XBOG:ISA,ISA,300,20464.64,COP,,1,,,
2016-04-25,BUY,XNYS:KO,KO,10,73.63,USD,,1,,,
2016-04-26,DIVIDEND,XNYS:KO,KO,,,USD,331.83,,7.15,,
2016-04-27,DIVIDEND,XBOG:ECOPETROL,ECOPETROL,,,COP,374.61,,4.71,,
2016-04-29,BUY,XNYS:KO,KO,8,43.75,USD,,1,,,
2016-05-01,DIVIDEND,BVMF:PETR4,PETR4,,,BRL,172.86,,9.79,,
2016-05-03,DEPOSIT,,,,,COP,20000000,,,,
2016-05-03,DEPOSIT,,,,,USD,5000,,,,
2016-05-03,DEPOSIT,,,,,BRL,20000,,,,
2016-05-05,BUY,BVMF:WEGE3,WEGE3,15,38.09,BRL,,1,,,
2016-05-06,BUY,BVMF:WEGE3,WEGE3,20,33.45,BRL,,1,,,
2016-05-07,BUY,XBOG:ECOPETROL,ECOPETROL,400,1534.67,COP,,1,,,
2016-05-09,BUY,ARCX:VOO,VOO,9,481.85,USD,,1,,,
2016-05-11,SELL,XNYS:KO,KO,13,85.14,USD,,1,,,
2016-05-13,BUY,BVMF:WEGE3,WEGE3,17,42.26,BRL,,1,,,
2016-05-15,BUY,XNAS:AAPL,AAPL,6,141.04,USD,,1,,,
2016-05-16,BUY,XNAS:AAPL,AAPL,3,186.20,USD,,1,,,
2016-05-17,BUY,XBOG:ECOPETROL,ECOPETROL,300,1866.59,COP,,1,,,
2016-05-18,BUY,XBOG:ISA,ISA,1800,16815.75,COP,,1,,,
2016-05-20,BUY,XNAS:AAPL,AAPL,17,175.14,USD,,1,,,
2016-05-21,DIVIDEND,XBOG:PFBCOLOM,PFBCOLOM,,,COP,29.94,,10.09,,
2016-05-23,BUY,BVMF:WEGE3,WEGE3,7,33.28,BRL,,1,,,
2016-05-24,BUY,XNAS:AAPL,AAPL,9,94.43,USD,,1,,,
2016-05-25,SELL,BVMF:WEGE3,WEGE3,23,63.12,BRL,,1,,,
2016-05-27,BUY,BVMF:ITUB4,ITUB4,4,33.80,BRL,,1,,,
2016-05-29,BUY,BVMF:WEGE3,WEGE3,13,55.05,BRL,,1,,,
2016-05-31,BUY,XBOG:ECOPETROL,ECOPETROL,1100,1745.47,COP,,1,,,
2016-06-01,BUY,XBOG:ISA,ISA,200,22852.63,COP,,1,,,
2016-06-02,BUY,XNAS:GOOGL,GOOGL,9,132.24,USD,,1,,,
2016-06-03,BUY,BVMF:PETR4,PETR4,17,39.78,BRL,,1,,,
2016-06-05,BUY,XNAS:GOOGL,GOOGL,10,89.07,USD,,1,,,
2016-06-06,BUY,BVMF:ITUB4,ITUB4,1,24.32,BRL,,1,,,
2016-06-08,DIVIDEND,BVMF:WEGE3,WEGE3,,,BRL,165.15,,1.72,,
2016-06-10,BUY,ARCX:VOO,VOO,1,347.31,USD,,1,,,
2016-06-11,BUY,BVMF:WEGE3,WEGE3,7,31.94,BRL,,1,,,
2016-06-12,BUY,XNAS:MSFT,MSFT,5,275.88,USD,,1,,,
2016-06-13,BUY,XBOG:PFBCOLOM,PFBCOLOM,1000,38630.76,COP,,1,,,
2016-06-14,BUY,BVMF:WEGE3,WEGE3,5,45.04,BRL,,1,,,
2016-06-16,SELL,XNAS:GOOGL,GOOGL,11,221.86,USD,,1,,,
2016-06-17,BUY,XNAS:NVDA,NVDA,5,63.50,USD,,1,,,
2016-06-19,SELL,BVMF:WEGE3,WEGE3,24,29.57,BRL,,1,,,
2016-06-20,SELL,XNAS:NVDA,NVDA,15,139.80,USD,,1,,,
2016-06-21,BUY,XNAS:AAPL,AAPL,5,166.45,USD,,1,,,
2016-06-22,BUY,BVMF:ITUB4,ITUB4,18,19.22,BRL,,1,,,
2016-06-23,BUY,XNYS:KO,KO,8,59.49,USD,,1,,,
2016-06-24,BUY,XNAS:MSFT,MSFT,17,395.49,USD,,1,,,
2016-06-25,DEPOSIT,,,,,COP,20000000,,,,
2016-06-25,DEPOSIT,,,,,USD,5000,,,,
2016-06-25,DEPOSIT,,,,,BRL,20000,,,,
2016-06-26,SELL,BVMF:ITUB4,ITUB4,20,25.57,BRL,,1,,,
2016-06-27,SELL,XBOG:ECOPETROL,ECOPETROL,1420,3057.47,COP,,1,,,
2016-06-28,BUY,XNYS:KO,KO,15,59.71,USD,,1,,,
2016-06-30,BUY,XNYS:KO,KO,10,72.81,USD,,1,,,
2016-07-01,BUY,ARCX:VOO,VOO,11,321.26,USD,,1,,,
2016-07-03,BUY,ARCX:VOO,VOO,1,394.37,USD,,1,,,
2016-07-05,BUY,XNYS:KO,KO,4,69.22,USD,,1,,,
2016-07-07,BUY,BVMF:WEGE3,WEGE3,10,38.87,BRL,,1,,,
2016-07-09,SELL,BVMF:WEGE3,WEGE3,20,31.97,BRL,,1,,,
2016-07-10,DIVIDEND,XNAS:AAPL,AAPL,,,USD,148.35,,3.82,,
2016-07-12,DIVIDEND,BVMF:PETR4,PETR4,,,BRL,108.87,,47.28,,
2016-07-13,BUY,XNAS:MSFT,MSFT,5,359.40,USD,,1,,,
2016-07-15,DIVIDEND,ARCX:VOO,VOO,,,USD,303.67,,31.58,,
2016-07-17,DIVIDEND,XNAS:GOOGL,GOOGL,,,USD,185.77,,24.89,,
2016-07-19,BUY,ARCX:VOO,VOO,1,543.99,USD,,1,,,
2016-07-21,BUY,XNAS:GOOGL,GOOGL,5,130.61,USD,,1,,,
2016-07-23,BUY,XBOG:ISA,ISA,100,15473.49,COP,,1,,,
2016-07-25,SELL,XNAS:MSFT,MSFT,24,461.96,USD,,1,,,
2016-07-26,SELL,XNAS:GOOGL,GOOGL,9,124.58,USD,,1,,,
2016-07-28,BUY,BVMF:PETR4,PETR4,19,23.14,BRL,,1,,,
2016-07-30,SELL,XNAS:AAPL,AAPL,13,132.10,USD,,1,,,
2016-07-31,SELL,XBOG:PFBCOLOM,PFBCOLOM,300,43223.72,COP,,1,,,
2016-08-01,BUY,XBOG:PFBCOLOM,PFBCOLOM,1400,35306.96,COP,,1,,,
2016-08-02,SELL,BVMF:PETR4,PETR4,13,51.95,BRL,,1,,,
2016-08-04,DIVIDEND,BVMF:WEGE3,WEGE3,,,BRL,276.87,,35.98,,
2016-08-05,DIVIDEND,BVMF:PETR4,PETR4,,,BRL,228.18,,37.63,,
2016-08-07,BUY,BVMF:WEGE3,WEGE3,5,29.46,BRL,,1,,,
2016-08-09,BUY,XBOG:PFBCOLOM,PFBCOLOM,900,41692.91,COP,,1,,,
2016-08-11,BUY,XBOG:ECOPETROL,ECOPETROL,1000,2269.05,COP,,1,,,
2016-08-13,BUY,XNYS:KO,KO,6,39.61,USD,,1,,,
2016-08-15,BUY,BVMF:ITUB4,ITUB4,11,41.92,BRL,,1,,,
2016-08-17,BUY,BVMF:WEGE3,WEGE3,7,31.81,BRL,,1,,,
2016-08-18,BUY,XNAS:MSFT,MSFT,11,237.39,USD,,1,,,
2016-08-20,SELL,XBOG:ECOPETROL,ECOPETROL,1315,3420.68,COP,,1,,,
2016-08-22,BUY,XNAS:GOOGL,GOOGL,17,107.52,USD,,1,,,
2016-08-24,BUY,XNAS:AAPL,AAPL,16,123.30,USD,,1,,,
2016-08-26,BUY,BVMF:WEGE3,WEGE3,17,44.15,BRL,,1,,,
2016-08-27,DEPOSIT,,,,,COP,20000000,,,,
2016-08-27,DEPOSIT,,,,,USD,5000,,,,
2016-08-27,DEPOSIT,,,,,BRL,20000,,,,
2016-08-28,BUY,XNYS:KO,KO,15,56.73,USD,,1,,,
2016-08-30,SELL,XNAS:AAPL,AAPL,14,109.09,USD,,1,,,
2016-09-01,SELL,BVMF:ITUB4,ITUB4,18,47.05,BRL,,1,,,
2016-09-03,BUY,BVMF:PETR4,PETR4,17,44.95,BRL,,1,,,
2016-09-05,BUY,XNAS:MSFT,MSFT,8,217.05,USD,,1,,,
2016-09-06,DIVIDEND,XNAS:GOOGL,GOOGL,,,USD,352.00,,42.33,,
2016-09-08,BUY,XNAS:AAPL,AAPL,1,183.88,USD,,1,,,
2016-09-09,BUY,XNAS:AAPL,AAPL,10,205.49,USD,,1,,,
2016-09-11,BUY,BVMF:PETR4,PETR4,4,23.78,BRL,,1,,,
2016-09-13,BUY,XNAS:NVDA,NVDA,7,91.05,USD,,1,,,
2016-09-14,SELL,XNAS:AAPL,AAPL,13,91.57,USD,,1,,,
2016-09-16,DIVIDEND,XBOG:PFBCOLOM,PFBCOLOM,,,COP,479.68,,32.23,,
2016-09-17,BUY,XBOG:ECOPETROL,ECOPETROL,1800,1834.59,COP,,1,,,
2016-09-19,SELL,XBOG:PFBCOLOM,PFBCOLOM,800,22935.81,COP,,1,,,
2016-09-20,BUY,XNYS:KO,KO,14,39.89,USD,,1,,,
2016-09-21,BUY,XBOG:ISA,ISA,800,17898.39,COP,,1,,,
2016-09-23,SELL,XBOG:ISA,ISA,1675,23086.20,COP,,1,,,
2016-09-24,BUY,XBOG:PFBCOLOM,PFBCOLOM,1700,22888.11,COP,,1,,,
2016-09-26,DIVIDEND,XBOG:PFBCOLOM,PFBCOLOM,,,COP,384.10,,9.70,,
2016-09-28,BUY,XBOG:PFBCOLOM,PFBCOLOM,400,47653.95,COP,,1,,,
2016-09-30,BUY,XBOG:ECOPETROL,ECOPETROL,1600,2147.33,COP,,1,,,
2016-10-01,DIVIDEND,ARCX:VOO,VOO,,,USD,461.35,,2.72,,
2016-10-02,DIVIDEND,ARCX:VOO,VOO,,,USD,210.62,,35.49,,
2016-10-03,BUY,XNAS:GOOGL,GOOGL,11,166.07,USD,,1,,,
2016-10-04,DIVIDEND,XBOG:ISA,ISA,,,COP,99.39,,32.62,,
2016-10-06,BUY,XNYS:KO,KO,13,76.28,USD,,1,,,
2016-10-08,BUY,XNAS:MSFT,MSFT,1,198.78,USD,,1,,,
2016-10-09,BUY,XNAS:MSFT,MSFT,18,411.43,USD,,1,,,
2016-10-10,BUY,XBOG:PFBCOLOM,PFBCOLOM,1400,23457.29,COP,,1,,,
2016-10-12,BUY,BVMF:WEGE3,WEGE3,15,30.18,BRL,,1,,,
2016-10-14,SELL,BVMF:ITUB4,ITUB4,14,18.91,BRL,,1,,,
2016-10-16,BUY,XNYS:KO,KO,13,37.95,USD,,1,,,
2016-10-17,BUY,XNAS:AAPL,AAPL,9,113.39,USD,,1,,,
2016-10-18,DIVIDEND,XBOG:ISA,ISA,,,COP,184.67,,16.75,,
2016-10-19,BUY,XNAS:GOOGL,GOOGL,11,187.51,USD,,1,,,
2016-10-21,BUY,XNAS:NVDA,NVDA,3,61.94,USD,,1,,,
2016-10-22,BUY,XNAS:GOOGL,GOOGL,15,190.84,USD,,1,,,
2016-10-24,DEPOSIT,,,,,COP,20000000,,,,
2016-10-24,DEPOSIT,,,,,USD,5000,,,,
2016-10-24,DEPOSIT,,,,,BRL,20000,,,,
2016-10-26,SELL,ARCX:VOO,VOO,12,611.24,USD,,1,,,
2016-10-27,BUY,XNAS:GOOGL,GOOGL,10,176.15,USD,,1,,,
2016-10-28,BUY,XBOG:ISA,ISA,1100,17435.25,COP,,1,,,
2016-10-29,BUY,BVMF:PETR4,PETR4,6,27.92,BRL,,1,,,
2016-10-30,BUY,BVMF:ITUB4,ITUB4,18,31.07,BRL,,1,,,
2016-10-31,DIVIDEND,XNAS:MSFT,MSFT,,,USD,493.97,,13.24,,
2016-11-01,BUY,BVMF:PETR4,PETR4,16,48.68,BRL,,1,,,
2016-11-03,BUY,ARCX:VOO,VOO,14,387.50,USD,,1,,,
2016-11-04,SELL,XNYS:KO,KO,34,81.57,USD,,1,,,
2016-11-06,BUY,XNAS:NVDA,NVDA,9,89.84,USD,,1,,,
2016-11-08,BUY,XBOG:ECOPETROL,ECOPETROL,600,1831.43,COP,,1,,,
2016-11-09,BUY,XNAS:NVDA,NVDA,7,86.11,USD,,1,,,
2016-11-11,BUY,XBOG:ECOPETROL,ECOPETROL,1700,2348.41,COP,,1,,,
2016-11-12,BUY,XNAS:AAPL,AAPL,4,90.54,USD,,1,,,
2016-11-13,SELL,XBOG:ISA,ISA,1531,11526.51,COP,,1,,,
2016-11-15,BUY,XNAS:AAPL,AAPL,7,162.06,USD,,1,,,
2016-11-16,DIVIDEND,XBOG:ISA,ISA,,,COP,258.77,,8.89,,
2016-11-18,SELL,XNYS:KO,KO,26,92.74,USD,,1,,,
2016-11-19,BUY,XNAS:GOOGL,GOOGL,20,123.17,USD,,1,,,
2016-11-20,BUY,ARCX:VOO,VOO,2,305.27,USD,,1,,,
2016-11-22,BUY,XNAS:GOOGL,GOOGL,7,175.25,USD,,1,,,
2016-11-24,BUY,XBOG:ISA,ISA,600,19742.60,COP,,1,,,
2016-11-25,BUY,BVMF:ITUB4,ITUB4,18,29.60,BRL,,1,,,
2016-11-27,BUY,BVMF:PETR4,PETR4,18,25.33,BRL,,1,,,
2016-11-28,BUY,BVMF:PETR4,PETR4,9,32.47,BRL,,1,,,
2016-11-30,BUY,BVMF:PETR4,PETR4,2,29.75,BRL,,1,,,
2016-12-02,BUY,XNAS:AAPL,AAPL,12,167.34,USD,,1,,,
2016-12-04,SELL,XBOG:ECOPETROL,ECOPETROL,2411,3546.57,COP,,1,,,
2016-12-06,DIVIDEND,BVMF:PETR4,PETR4,,,BRL,61.20,,4.52,,
2016-12-08,BUY,ARCX:VOO,VOO,5,244.75,USD,,1,,,
2016-12-09,BUY,BVMF:PETR4,PETR4,3,37.04,BRL,,1,,,
2016-12-11,SELL,ARCX:VOO,VOO,14,298.35,USD,,1,,,
2016-12-13,BUY,ARCX:VOO,VOO,3,274.81,USD,,1,,,
2016-12-15,SELL,XBOG:ECOPETROL,ECOPETROL,1809,2073.72,COP,,1,,,
2016-12-16,DIVIDEND,BVMF:ITUB4,ITUB4,,,BRL,160.69,,30.38,,
2016-12-18,BUY,XNAS:GOOGL,GOOGL,20,161.08,USD,,1,,,
2016-12-19,BUY,XBOG:ECOPETROL,ECOPETROL,2000,2124.25,COP,,1,,,
2016-12-20,DEPOSIT,,,,,COP,20000000,,,,
2016-12-20,DEPOSIT,,,,,USD,5000,,,,
2016-12-20,DEPOSIT,,,,,BRL,20000,,,,
2016-12-21,BUY,XNAS:AAPL,AAPL,13,202.63,USD,,1,,,
2016-12-22,BUY,XNAS:MSFT,MSFT,5,239.29,USD,,1,,,
2016-12-23,BUY,BVMF:WEGE3,WEGE3,2,45.37,BRL,,1,,,
2016-12-25,BUY,XNAS:NVDA,NVDA,15,104.00,USD,,1,,,
2016-12-27,BUY,XBOG:PFBCOLOM,PFBCOLOM,1900,27979.25,COP,,1,,,
2016-12-29,BUY,BVMF:ITUB4,ITUB4,17,28.52,BRL,,1,,,
2016-12-30,BUY,BVMF:ITUB4,ITUB4,15,23.65,BRL,,1,,,
2017-01-01,SELL,BVMF:ITUB4,ITUB4,27,30.01,BRL,,1,,,
2017-01-02,BUY,BVMF:PETR4,PETR4,12,23.57,BRL,,1,,,
2017-01-04,BUY,XNYS:KO,KO,2,37.95,USD,,1,,,
2017-01-05,BUY,XNAS:GOOGL,GOOGL,11,171.10,USD,,1,,,
2017-01-06,BUY,BVMF:WEGE3,WEGE3,13,44.89,BRL,,1,,,
2017-01-07,BUY,XNAS:MSFT,MSFT,20,355.70,USD,,1,,,
2017-01-08,BUY,BVMF:ITUB4,ITUB4,10,40.96,BRL,,1,,,
2017-01-09,BUY,XNAS:GOOGL,GOOGL,8,91.34,USD,,1,,,
2017-01-11,BUY,XBOG:PFBCOLOM,PFBCOLOM,600,30067.49,COP,,1,,,
2017-01-13,DIVIDEND,BVMF:ITUB4,ITUB4,,,BRL,76.07,,25.11,,
2017-01-15,BUY,XBOG:PFBCOLOM,PFBCOLOM,2000,35168.20,COP,,1,,,
2017-01-17,BUY,XBOG:ECOPETROL,ECOPETROL,600,2122.38,COP,,1,,,
2017-01-19,BUY,BVMF:PETR4,PETR4,6,43.18,BRL,,1,,,
2017-01-21,BUY,BVMF:WEGE3,WEGE3,2,44.36,BRL,,1,,,
2017-01-23,DIVIDEND,BVMF:ITUB4,ITUB4,,,BRL,279.81,,29.00,,
2017-01-24,BUY,BVMF:WEGE3,WEGE3,13,47.61,BRL,,1,,,
2017-01-26,BUY,XBOG:ISA,ISA,1900,12905.21,COP,,1,,,
2017-01-28,SELL,BVMF:ITUB4,ITUB4,23,24.90,BRL,,1,,,
2017-01-29,BUY,BVMF:WEGE3,WEGE3,9,33.92,BRL,,1,,,
2017-01-31,SELL,XNAS:GOOGL,GOOGL,40,88.73,USD,,1,,,
2017-02-01,BUY,XNYS:KO,KO,14,56.05,USD,,1,,,
2017-02-03,DIVIDEND,ARCX:VOO,VOO,,,USD,246.76,,30.63,,
2017-02-04,BUY,XNAS:AAPL,AAPL,19,132.60,USD,,1,,,
2017-02-05,BUY,BVMF:WEGE3,WEGE3,8,37.22,BRL,,1,,,
2017-02-07,BUY,XBOG:ECOPETROL,ECOPETROL,1200,2528.03,COP,,1,,,
2017-02-09,BUY,XNAS:AAPL,AAPL,8,174.90,USD,,1,,,
2017-02-11,BUY,XNYS:KO,KO,5,77.82,USD,,1,,,
2017-02-13,BUY,XBOG:PFBCOLOM,PFBCOLOM,100,22571.66,COP,,1,,,
2017-02-15,BUY,XNAS:NVDA,NVDA,15,108.15,USD,,1,,,
2017-02-17,BUY,XNAS:AAPL,AAPL,2,97.38,USD,,1,,,
2017-02-18,DEPOSIT,,,,,COP,20000000,,,,
2017-02-18,DEPOSIT,,,,,USD,5000,,,,
2017-02-18,DEPOSIT,,,,,BRL,20000,,,,
2017-02-19,BUY,XNAS:MSFT,MSFT,1,327.03,USD,,1,,,
2017-02-20,BUY,XBOG:ECOPETROL,ECOPETROL,1700,2498.87,COP,,1,,,
2017-02-22,SELL,ARCX:VOO,VOO,12,443.43,USD,,1,,,
2017-02-23,BUY,XNAS:AAPL,AAPL,16,175.85,USD,,1,,,
2017-02-24,BUY,BVMF:PETR4,PETR4,15,23.25,BRL,,1,,,
2017-02-26,BUY,XNAS:MSFT,MSFT,9,235.75,USD,,1,,,
2017-02-27,BUY,XNAS:GOOGL,GOOGL,9,163.71,USD,,1,,,
2017-03-01,BUY,XNYS:KO,KO,14,68.92,USD,,1,,,
2017-03-03,BUY,XBOG:ECOPETROL,ECOPETROL,300,2999.28,COP,,1,,,
2017-03-04,BUY,XBOG:ECOPETROL,ECOPETROL,700,3118.24,COP,,1,,,
2017-03-06,BUY,BVMF:PETR4,PETR4,11,37.83,BRL,,1,,,
2017-03-08,DIVIDEND,XNYS:KO,KO,,,USD,461.23,,49.08,,
2017-03-10,BUY,BVMF:WEGE3,WEGE3,1,51.44,BRL,,1,,,
2017-03-12,DIVIDEND,XBOG:ECOPETROL,ECOPETROL,,,COP,287.32,,15.39,,
2017-03-13,BUY,XNAS:NVDA,NVDA,3,105.22,USD,,1,,,
2017-03-14,BUY,XNAS:AAPL,AAPL,4,102.80,USD,,1,,,
2017-03-15,BUY,ARCX:VOO,VOO,1,249.88,USD,,1,,,
2017-03-16,BUY,XNYS:KO,KO,2,69.46,USD,,1,,,
2017-03-17,BUY,XNAS:NVDA,NVDA,12,75.94,USD,,1,,,
2017-03-18,DIVIDEND,XNAS:GOOGL,GOOGL,,,USD,472.44,,5.36,,
2017-03-19,BUY,XNAS:AAPL,AAPL,2,203.91,USD,,1,,,
2017-03-20,SELL,XNYS:KO,KO,28,73.94,USD,,1,,,
2017-03-22,BUY,XNAS:MSFT,MSFT,7,250.67,USD,,1,,,
2017-03-24,BUY,XNAS:AAPL,AAPL,12,120.80,USD,,1,,,
2017-03-26,BUY,XBOG:ISA,ISA,1100,21877.02,COP,,1,,,
2017-03-28,DIVIDEND,XNAS:NVDA,NVDA,,,USD,374.10,,39.45,,
2017-03-29,BUY,XNAS:MSFT,MSFT,12,292.55,USD,,1,,,
2017-03-30,BUY,XBOG:ECOPETROL,ECOPETROL,300,2437.16,COP,,1,,,
2017-04-01,BUY,XNAS:AAPL,AAPL,17,114.24,USD,,1,,,
2017-04-02,BUY,BVMF:ITUB4,ITUB4,4,29.80,BRL,,1,,,
2017-04-03,DIVIDEND,XNAS:NVDA,NVDA,,,USD,176.86,,41.59,,
2017-04-05,BUY,ARCX:VOO,VOO,10,500.88,USD,,1,,,
2017-04-06,BUY,XNAS:MSFT,MSFT,3,297.67,USD,,1,,,
2017-04-07,BUY,XBOG:ISA,ISA,400,16578.30,COP,,1,,,
2017-04-09,DIVIDEND,XNAS:GOOGL,GOOGL,,,USD,47.66,,44.42,,
2017-04-10,BUY,XBOG:PFBCOLOM,PFBCOLOM,900,32985.70,COP,,1,,,
2017-04-11,BUY,XNYS:KO,KO,8,81.31,USD,,1,,,
2017-04-12,DEPOSIT,,,,,COP,20000000,,,,
2017-04-12,DEPOSIT,,,,,USD,5000,,,,
2017-04-12,DEPOSIT,,,,,BRL,20000,,,,
2017-04-13,BUY,XBOG:ISA,ISA,1700,13036.71,COP,,1,,,
2017-04-15,BUY,XNAS:GOOGL,GOOGL,11,102.99,USD,,1,,,
2017-04-17,BUY,XBOG:PFBCOLOM,PFBCOLOM,1900,27468.68,COP,,1,,,
2017-04-19,BUY,XNAS:GOOGL,GOOGL,8,140.86,USD,,1,,,
2017-04-21,BUY,XNAS:GOOGL,GOOGL,20,101.31,USD,,1,,,
2017-04-22,DIVIDEND,XNAS:GOOGL,GOOGL,,,USD,166.65,,26.11,,
2017-04-23,BUY,XBOG:ECOPETROL,ECOPETROL,900,3174.27,COP,,1,,,
2017-04-24,BUY,XNYS:KO,KO,4,45.38,USD,,1,,,
2017-04-25,DIVIDEND,XBOG:PFBCOLOM,PFBCOLOM,,,COP,367.98,,21.75,,
2017-04-26,BUY,XNAS:MSFT,MSFT,9,229.55,USD,,1,,,
2017-04-28,BUY,XNAS:AAPL,AAPL,13,192.52,USD,,1,,,
2017-04-30,BUY,BVMF:WEGE3,WEGE3,10,38.82,BRL,,1,,,
2017-05-01,BUY,XNAS:GOOGL,GOOGL,13,84.62,USD,,1,,,
2017-05-02,DIVIDEND,BVMF:PETR4,PETR4,,,BRL,352.08,,29.37,,
2017-05-04,SELL,XNYS:KO,KO,24,79.33,USD,,1,,,
2017-05-05,BUY,XNYS:KO,KO,4,57.79,USD,,1,,,
2017-05-07,BUY,XNAS:GOOGL,GOOGL,4,184.21,USD,,1,,,
2017-05-08,SELL,XNAS:GOOGL,GOOGL,46,183.77,USD,,1,,,
2017-05-09,BUY,BVMF:PETR4,PETR4,16,33.75,BRL,,1,,,
2017-05-11,BUY,XNYS:KO,KO,6,78.94,USD,,1,,,
2017-05-13,SELL,BVMF:PETR4,PETR4,44,50.12,BRL,,1,,,
2017-05-14,BUY,BVMF:WEGE3,WEGE3,7,29.15,BRL,,1,,,
2017-05-15,BUY,XNAS:MSFT,MSFT,19,289.63,USD,,1,,,
2017-05-16,SELL,BVMF:WEGE3,WEGE3,43,24.64,BRL,,1,,,
2017-05-18,BUY,BVMF:PETR4,PETR4,15,26.88,BRL,,1,,,
2017-05-19,BUY,XNAS:MSFT,MSFT,20,265.31,USD,,1,,,
2017-05-20,BUY,BVMF:PETR4,PETR4,13,22.72,BRL,,1,,,
2017-05-21,BUY,BVMF:PETR4,PETR4,12,37.24,BRL,,1,,,
2017-05-22,BUY,XNAS:GOOGL,GOOGL,13,189.27,USD,,1,,,
2017-05-23,DIVIDEND,BVMF:PETR4,PETR4,,,BRL,233.75,,8.23,,
2017-05-24,SELL,XNYS:KO,KO,21,47.59,USD,,1,,,
2017-05-25,SELL,ARCX:VOO,VOO,11,381.25,USD,,1,,,
2017-05-27,BUY,XBOG:PFBCOLOM,PFBCOLOM,1800,39189.01,COP,,1,,,
2017-05-29,BUY,XBOG:ECOPETROL,ECOPETROL,900,2675.73,COP,,1,,,
2017-05-31,DIVIDEND,XNYS:KO,KO,,,USD,97.02,,0.13,,
2017-06-02,BUY,XNYS:KO,KO,10,51.38,USD,,1,,,
2017-06-04,BUY,XNYS:KO,KO,3,67.64,USD,,1,,,
2017-06-06,DEPOSIT,,,,,COP,20000000,,,,
2017-06-06,DEPOSIT,,,,,USD,5000,,,,
2017-06-06,DEPOSIT,,,,,BRL,20000,,,,
2017-06-08,DIVIDEND,XNAS:AAPL,AAPL,,,USD,47.21,,28.23,,
2017-06-10,SELL,ARCX:VOO,VOO,9,452.26,USD,,1,,,
2017-06-12,BUY,XNAS:AAPL,AAPL,1,115.17,USD,,1,,,
2017-06-13,BUY,XBOG:PFBCOLOM,PFBCOLOM,2000,23842.33,COP,,1,,,
2017-06-14,DIVIDEND,ARCX:VOO,VOO,,,USD,389.27,,17.32,,
2017-06-15,BUY,BVMF:PETR4,PETR4,18,25.70,BRL,,1,,,
2017-06-16,BUY,BVMF:WEGE3,WEGE3,10,30.32,BRL,,1,,,
2017-06-17,BUY,XNAS:GOOGL,GOOGL,15,159.18,USD,,1,,,
2017-06-18,BUY,XBOG:PFBCOLOM,PFBCOLOM,1400,27556.92,COP,,1,,,
2017-06-19,BUY,BVMF:WEGE3,WEGE3,2,39.50,BRL,,1,,,
2017-06-20,SELL,XBOG:ECOPETROL,ECOPETROL,3506,2525.80,COP,,1,,,
2017-06-21,BUY,XBOG:ISA,ISA,1500,20820.75,COP,,1,,,
2017-06-23,BUY,BVMF:ITUB4,ITUB4,12,28.22,BRL,,1,,,
2017-06-24,BUY,XBOG:ISA,ISA,100,11096.06,COP,,1,,,
2017-06-25,BUY,XBOG:ISA,ISA,400,18153.01,COP,,1,,,
2017-06-27,SELL,ARCX:VOO,VOO,6,253.56,USD,,1,,,
2017-06-29,BUY,XBOG:ISA,ISA,400,23208.34,COP,,1,,,
2017-07-01,BUY,BVMF:WEGE3,WEGE3,18,48.66,BRL,,1,,,
2017-07-02,BUY,XBOG:ISA,ISA,1400,14422.64,COP,,1,,,
2017-07-03,SELL,XBOG:PFBCOLOM,PFBCOLOM,4625,33431.25,COP,,1,,,
2017-07-05,BUY,BVMF:WEGE3,WEGE3,9,51.93,BRL,,1,,,
2017-07-07,DIVIDEND,XNYS:KO,KO,,,USD,248.64,,5.90,,
2017-07-08,BUY,XBOG:PFBCOLOM,PFBCOLOM,500,37420.63,COP,,1,,,
2017-07-09,SELL,XNAS:AAPL,AAPL,45,149.83,USD,,1,,,
2017-07-11,BUY,XNAS:AAPL,AAPL,13,126.05,USD,,1,,,
2017-07-12,BUY,BVMF:ITUB4,ITUB4,20,36.38,BRL,,1,,,
2017-07-13,SELL,BVMF:WEGE3,WEGE3,42,48.47,BRL,,1,,,
2017-07-14,BUY,XNAS:GOOGL,GOOGL,20,182.15,USD,,1,,,
2017-07-15,BUY,XNYS:KO,KO,15,66.01,USD,,1,,,
2017-07-16,BUY,ARCX:VOO,VOO,2,374.90,USD,,1,,,
2017-07-17,DIVIDEND,XNYS:KO,KO,,,USD,11.65,,43.60,,
2017-07-18,SELL,BVMF:WEGE3,WEGE3,31,52.41,BRL,,1,,,
2017-07-20,BUY,XNAS:AAPL,AAPL,11,92.45,USD,,1,,,
2017-07-21,BUY,BVMF:WEGE3,WEGE3,2,50.39,BRL,,1,,,
2017-07-23,BUY,BVMF:PETR4,PETR4,15,22.88,BRL,,1,,,
2017-07-25,BUY,XNYS:KO,KO,5,58.82,USD,,1,,,
2017-07-27,BUY,XNAS:MSFT,MSFT,16,230.95,USD,,1,,,
2017-07-28,DEPOSIT,,,,,COP,20000000,,,,
2017-07-28,DEPOSIT,,,,,USD,5000,,,,
2017-07-28,DEPOSIT,,,,,BRL,20000,,,,
2017-07-30,BUY,XNYS:KO,KO,4,83.36,USD,,1,,,
2017-07-31,BUY,XNAS:MSFT,MSFT,5,293.36,USD,,1,,,
2017-08-02,SELL,XBOG:ECOPETROL,ECOPETROL,2630,2416.79,COP,,1,,,
2017-08-03,DIVIDEND,XBOG:ISA,ISA,,,COP,388.14,,35.68,,
2017-08-04,SELL,XNAS:MSFT,MSFT,59,267.94,USD,,1,,,
2017-08-06,BUY,XBOG:PFBCOLOM,PFBCOLOM,200,41081.88,COP,,1,,,
2017-08-07,BUY,XNYS:KO,KO,20,39.82,USD,,1,,,
2017-08-09,BUY,XNAS:NVDA,NVDA,6,136.62,USD,,1,,,
2017-08-11,BUY,XBOG:ISA,ISA,1200,24462.14,COP,,1,,,
2017-08-13,BUY,ARCX:VOO,VOO,5,549.23,USD,,1,,,
2017-08-14,BUY,XNYS:KO,KO,6,66.23,USD,,1,,,
2017-08-16,BUY,BVMF:ITUB4,ITUB4,9,36.83,BRL,,1,,,
2017-08-18,BUY,XNAS:AAPL,AAPL,20,206.87,USD,,1,,,
2017-08-20,DIVIDEND,XNAS:GOOGL,GOOGL,,,USD,488.84,,41.56,,
2017-08-22,BUY,XBOG:ECOPETROL,ECOPETROL,1300,2092.74,COP,,1,,,
2017-08-24,BUY,XBOG:ECOPETROL,ECOPETROL,1500,1901.29,COP,,1,,,
2017-08-25,BUY,XBOG:PFBCOLOM,PFBCOLOM,1400,25403.85,COP,,1,,,
2017-08-26,BUY,ARCX:VOO,VOO,19,287.04,USD,,1,,,
2017-08-28,BUY,XNAS:MSFT,MSFT,18,312.88,USD,,1,,,
2017-08-30,BUY,XNAS:GOOGL,GOOGL,8,118.66,USD,,1,,,
2017-08-31,BUY,BVMF:ITUB4,ITUB4,7,40.22,BRL,,1,,,
2017-09-01,SELL,BVMF:ITUB4,ITUB4,30,34.22,BRL,,1,,,
2017-09-03,SELL,XBOG:ECOPETROL,ECOPETROL,2672,2295.83,COP,,1,,,
2017-09-05,DIVIDEND,BVMF:WEGE3,WEGE3,,,BRL,163.89,,25.31,,
2017-09-06,BUY,XBOG:ECOPETROL,ECOPETROL,300,1712.48,COP,,1,,,
2017-09-08,BUY,XNAS:NVDA,NVDA,12,92.20,USD,,1,,,
2017-09-09,BUY,BVMF:ITUB4,ITUB4,12,38.79,BRL,,1,,,
2017-09-11,BUY,XNAS:MSFT,MSFT,5,255.79,USD,,1,,,
2017-09-12,BUY,BVMF:WEGE3,WEGE3,20,24.66,BRL,,1,,,
2017-09-13,BUY,XNAS:NVDA,NVDA,16,106.94,USD,,1,,,
2017-09-14,BUY,XBOG:PFBCOLOM,PFBCOLOM,1400,23719.02,COP,,1,,,
2017-09-16,SELL,XNAS:NVDA,NVDA,38,156.35,USD,,1,,,
2017-09-18,SELL,XBOG:ISA,ISA,3823,14417.80,COP,,1,,,
2017-09-19,BUY,XNAS:AAPL,AAPL,2,94.18,USD,,1,,,
2017-09-21,DIVIDEND,BVMF:ITUB4,ITUB4,,,BRL,245.98,,42.28,,
2017-09-22,DIVIDEND,XNYS:KO,KO,,,USD,201.71,,6.00,,
2017-09-23,BUY,XNAS:NVDA,NVDA,8,111.25,USD,,1,,,
2017-09-25,DEPOSIT,,,,,COP,20000000,,,,
2017-09-25,DEPOSIT,,,,,USD,5000,,,,
2017-09-25,DEPOSIT,,,,,BRL,20000,,,,
2017-09-26,BUY,XBOG:ECOPETROL,ECOPETROL,800,1696.71,COP,,1,,,
2017-09-28,DIVIDEND,XNAS:AAPL,AAPL,,,USD,451.86,,45.23,,
2017-09-29,BUY,BVMF:WEGE3,WEGE3,16,25.78,BRL,,1,,,
2017-09-30,BUY,XNAS:AAPL,AAPL,7,171.23,USD,,1,,,
2017-10-02,BUY,BVMF:ITUB4,ITUB4,4,29.30,BRL,,1,,,
2017-10-04,BUY,XNAS:MSFT,MSFT,12,295.52,USD,,1,,,
2017-10-05,BUY,ARCX:VOO,VOO,1,389.73,USD,,1,,,
2017-10-06,SELL,ARCX:VOO,VOO,12,611.07,USD,,1,,,
2017-10-07,BUY,XNAS:NVDA,NVDA,12,131.10,USD,,1,,,
2017-10-08,SELL,XNAS:MSFT,MSFT,53,457.78,USD,,1,,,
2017-10-10,SELL,XNYS:KO,KO,31,40.51,USD,,1,,,
2017-10-12,BUY,XBOG:ECOPETROL,ECOPETROL,1600,1592.72,COP,,1,,,
2017-10-14,BUY,XBOG:ECOPETROL,ECOPETROL,200,1711.64,COP,,1,,,
2017-10-16,BUY,ARCX:VOO,VOO,15,518.63,USD,,1,,,
2017-10-18,BUY,XBOG:ECOPETROL,ECOPETROL,500,1426.77,COP,,1,,,
2017-10-20,BUY,ARCX:VOO,VOO,9,397.12,USD,,1,,,
2017-10-22,BUY,BVMF:ITUB4,ITUB4,4,21.68,BRL,,1,,,
2017-10-23,BUY,XNYS:KO,KO,7,62.88,USD,,1,,,
2017-10-25,BUY,XBOG:ECOPETROL,ECOPETROL,1200,2174.99,COP,,1,,,
2017-10-27,DIVIDEND,XBOG:ECOPETROL,ECOPETROL,,,COP,53.29,,14.47,,
2017-10-28,BUY,XNAS:GOOGL,GOOGL,10,100.17,USD,,1,,,
2017-10-29,BUY,BVMF:WEGE3,WEGE3,11,40.35,BRL,,1,,,
2017-10-31,BUY,BVMF:WEGE3,WEGE3,10,29.95,BRL,,1,,,
2017-11-02,BUY,BVMF:PETR4,PETR4,7,28.75,BRL,,1,,,
2017-11-03,BUY,ARCX:VOO,VOO,17,486.54,USD,,1,,,
2017-11-04,BUY,XNAS:MSFT,MSFT,3,393.44,USD,,1,,,
2017-11-06,SELL,ARCX:VOO,VOO,19,322.41,USD,,1,,,
2017-11-07,BUY,XBOG:ECOPETROL,ECOPETROL,100,1500.88,COP,,1,,,
2017-11-09,SELL,XNAS:AAPL,AAPL,47,167.77,USD,,1,,,
2017-11-11,BUY,XNYS:KO,KO,16,40.34,USD,,1,,,
2017-11-13,DIVIDEND,BVMF:ITUB4,ITUB4,,,BRL,70.97,,33.27,,
2017-11-14,BUY,XBOG:ISA,ISA,200,13154.23,COP,,1,,,
2017-11-16,BUY,XNAS:AAPL,AAPL,12,152.38,USD,,1,,,
2017-11-18,DIVIDEND,XNAS:MSFT,MSFT,,,USD,64.78,,35.73,,
2017-11-20,SELL,BVMF:PETR4,PETR4,53,41.17,BRL,,1,,,
2017-11-21,BUY,XNAS:MSFT,MSFT,16,287.15,USD,,1,,,
2017-11-22,BUY,BVMF:WEGE3,WEGE3,5,24.66,BRL,,1,,,
2017-11-23,DEPOSIT,,,,,COP,20000000,,,,
2017-11-23,DEPOSIT,,,,,USD,5000,,,,
2017-11-23,DEPOSIT,,,,,BRL,20000,,,,
2017-11-24,BUY,XBOG:PFBCOLOM,PFBCOLOM,900,36550.09,COP,,1,,,
2017-11-25,BUY,XNAS:GOOGL,GOOGL,7,113.28,USD,,1,,,
2017-11-27,BUY,XNAS:GOOGL,GOOGL,15,95.52,USD,,1,,,
2017-11-28,SELL,XNAS:AAPL,AAPL,38,130.95,USD,,1,,,
2017-11-30,BUY,BVMF:WEGE3,WEGE3,9,27.52,BRL,,1,,,
2017-12-01,BUY,ARCX:VOO,VOO,18,429.38,USD,,1,,,
2017-12-02,BUY,XNAS:NVDA,NVDA,15,119.73,USD,,1,,,
2017-12-03,DIVIDEND,XNAS:AAPL,AAPL,,,USD,469.10,,19.44,,
2017-12-05,BUY,XNAS:NVDA,NVDA,17,62.90,USD,,1,,,
2017-12-06,SELL,XBOG:ISA,ISA,2917,18012.72,COP,,1,,,
2017-12-08,SELL,XNAS:NVDA,NVDA,41,140.44,USD,,1,,,
2017-12-10,SELL,BVMF:WEGE3,WEGE3,42,26.14,BRL,,1,,,
2017-12-11,DIVIDEND,XBOG:ISA,ISA,,,COP,128.40,,21.11,,
2017-12-12,BUY,BVMF:WEGE3,WEGE3,6,26.22,BRL,,1,,,
2017-12-14,BUY,XNYS:KO,KO,1,46.82,USD,,1,,,
2017-12-16,DIVIDEND,BVMF:ITUB4,ITUB4,,,BRL,318.44,,40.46,,
2017-12-17,BUY,XNYS:KO,KO,20,48.76,USD,,1,,,
2017-12-19,BUY,XNAS:AAPL,AAPL,20,102.06,USD,,1,,,
2017-12-20,BUY,BVMF:PETR4,PETR4,8,47.62,BRL,,1,,,
2017-12-22,BUY,XBOG:ISA,ISA,600,12533.49,COP,,1,,,
2017-12-24,BUY,XNAS:NVDA,NVDA,18,134.55,USD,,1,,,
2017-12-26,BUY,ARCX:VOO,VOO,10,532.99,USD,,1,,,
2017-12-28,BUY,XNAS:GOOGL,GOOGL,3,166.93,USD,,1,,,
2017-12-30,SELL,XNAS:NVDA,NVDA,36,129.48,USD,,1,,,
2017-12-31,BUY,XBOG:ECOPETROL,ECOPETROL,1800,2687.06,COP,,1,,,
2018-01-02,DIVIDEND,XBOG:PFBCOLOM,PFBCOLOM,,,COP,308.34,,23.45,,
2018-01-04,BUY,XBOG:ISA,ISA,800,13518.78,COP,,1,,,
2018-01-06,DIVIDEND,BVMF:PETR4,PETR4,,,BRL,10.88,,17.63,,
2018-01-07,BUY,XBOG:ISA,ISA,1600,14686.96,COP,,1,,,
2018-01-08,BUY,XNAS:AAPL,AAPL,6,156.14,USD,,1,,,
2018-01-10,BUY,XNAS:AAPL,AAPL,17,136.55,USD,,1,,,
2018-01-12,BUY,XNAS:MSFT,MSFT,17,234.04,USD,,1,,,
2018-01-13,BUY,XNYS:KO,KO,12,42.74,USD,,1,,,
2018-01-14,BUY,XBOG:PFBCOLOM,PFBCOLOM,1700,23661.45,COP,,1,,,
2018-01-16,BUY,XNYS:KO,KO,5,55.83,USD,,1,,,
2018-01-17,BUY,BVMF:WEGE3,WEGE3,19,27.76,BRL,,1,,,
2018-01-19,DIVIDEND,XNAS:NVDA,NVDA,,,USD,79.07,,42.50,,
2018-01-21,DEPOSIT,,,,,COP,20000000,,,,
2018-01-21,DEPOSIT,,,,,USD,5000,,,,
2018-01-21,DEPOSIT,,,,,BRL,20000,,,,
2018-01-22,BUY,BVMF:ITUB4,ITUB4,15,24.91,BRL,,1,,,
2018-01-24,BUY,BVMF:PETR4,PETR4,17,36.55,BRL,,1,,,
2018-01-26,BUY,XNAS:AAPL,AAPL,16,135.68,USD,,1,,,
2018-01-28,BUY,XBOG:PFBCOLOM,PFBCOLOM,500,33198.08,COP,,1,,,
2018-01-30,BUY,XNAS:MSFT,MSFT,11,257.73,USD,,1,,,
2018-01-31,DIVIDEND,XBOG:ECOPETROL,ECOPETROL,,,COP,486.20,,44.56,,
2018-02-01,BUY,XBOG:PFBCOLOM,PFBCOLOM,1900,46084.97,COP,,1,,,
2018-02-03,DIVIDEND,XBOG:PFBCOLOM,PFBCOLOM,,,COP,271.56,,49.92,,
2018-02-05,BUY,XBOG:ISA,ISA,200,19363.98,COP,,1,,,
2018-02-07,BUY,XNAS:AAPL,AAPL,3,153.03,USD,,1,,,
2018-02-08,BUY,BVMF:WEGE3,WEGE3,13,44.75,BRL,,1,,,
2018-02-09,DIVIDEND,BVMF:PETR4,PETR4,,,BRL,245.92,,22.01,,
2018-02-11,BUY,XNAS:GOOGL,GOOGL,3,103.12,USD,,1,,,
2018-02-13,BUY,XNAS:MSFT,MSFT,10,303.02,USD,,1,,,
2018-02-14,BUY,XBOG:PFBCOLOM,PFBCOLOM,1100,43975.53,COP,,1,,,
2018-02-16,BUY,BVMF:WEGE3,WEGE3,10,50.12,BRL,,1,,,
2018-02-17,BUY,XBOG:ECOPETROL,ECOPETROL,1400,1715.63,COP,,1,,,
2018-02-18,BUY,XNYS:KO,KO,2,69.20,USD,,1,,,
2018-02-19,SELL,XBOG:PFBCOLOM,PFBCOLOM,5868,45872.32,COP,,1,,,
2018-02-20,DIVIDEND,BVMF:PETR4,PETR4,,,BRL,421.87,,29.31,,
2018-02-21,BUY,BVMF:ITUB4,ITUB4,18,31.61,BRL,,1,,,
2018-02-22,BUY,BVMF:PETR4,PETR4,20,24.40,BRL,,1,,,
2018-02-23,BUY,BVMF:WEGE3,WEGE3,4,24.93,BRL,,1,,,
2018-02-24,BUY,BVMF:WEGE3,WEGE3,16,50.34,BRL,,1,,,
2018-02-26,SELL,XNAS:AAPL,AAPL,44,187.52,USD,,1,,,
2018-02-28,BUY,XBOG:ECOPETROL,ECOPETROL,1200,1886.82,COP,,1,,,
2018-03-01,BUY,XNAS:MSFT,MSFT,19,195.13,USD,,1,,,
2018-03-02,BUY,BVMF:PETR4,PETR4,1,22.53,BRL,,1,,,
2018-03-04,BUY,XNAS:AAPL,AAPL,15,96.55,USD,,1,,,
2018-03-05,BUY,XNAS:AAPL,AAPL,6,201.70,USD,,1,,,
2018-03-06,BUY,BVMF:ITUB4,ITUB4,10,28.04,BRL,,1,,,
2018-03-08,DIVIDEND,BVMF:ITUB4,ITUB4,,,BRL,489.87,,3.38,,
2018-03-10,BUY,XNAS:NVDA,NVDA,8,93.08,USD,,1,,,
2018-03-12,DIVIDEND,BVMF:ITUB4,ITUB4,,,BRL,16.10,,43.41,,
2018-03-13,BUY,XBOG:ISA,ISA,1300,13486.36,COP,,1,,,
2018-03-15,BUY,XBOG:ISA,ISA,400,15624.21,COP,,1,,,
2018-03-17,BUY,XNYS:KO,KO,3,82.14,USD,,1,,,
2018-03-19,DEPOSIT,,,,,COP,20000000,,,,
2018-03-19,DEPOSIT,,,,,USD,5000,,,,
2018-03-19,DEPOSIT,,,,,BRL,20000,,,,
2018-03-21,BUY,BVMF:PETR4,PETR4,7,34.08,BRL,,1,,,
2018-03-23,BUY,XNAS:AAPL,AAPL,9,169.71,USD,,1,,,
2018-03-25,SELL,XBOG:ECOPETROL,ECOPETROL,4279,3003.50,COP,,1,,,
2018-03-26,BUY,BVMF:WEGE3,WEGE3,5,41.76,BRL,,1,,,
2018-03-28,SELL,XBOG:ECOPETROL,ECOPETROL,3210,1746.21,COP,,1,,,
2018-03-30,BUY,BVMF:PETR4,PETR4,13,38.62,BRL,,1,,,
2018-03-31,BUY,BVMF:ITUB4,ITUB4,17,22.91,BRL,,1,,,
2018-04-02,BUY,XNAS:GOOGL,GOOGL,9,150.75,USD,,1,,,
2018-04-04,BUY,XBOG:ISA,ISA,1800,14346.01,COP,,1,,,
2018-04-05,BUY,XNAS:MSFT,MSFT,17,201.95,USD,,1,,,
2018-04-07,SELL,BVMF:PETR4,PETR4,56,22.01,BRL,,1,,,
2018-04-08,BUY,BVMF:PETR4,PETR4,3,40.45,BRL,,1,,,
2018-04-09,BUY,XNYS:KO,KO,4,39.27,USD,,1,,,
2018-04-11,SELL,XBOG:PFBCOLOM,PFBCOLOM,4401,27748.85,COP,,1,,,
2018-04-13,BUY,XBOG:PFBCOLOM,PFBCOLOM,500,43871.26,COP,,1,,,
2018-04-15,BUY,BVMF:PETR4,PETR4,15,42.70,BRL,,1,,,
2018-04-16,DIVIDEND,ARCX:VOO,VOO,,,USD,19.64,,33.98,,
2018-04-18,DIVIDEND,XNAS:AAPL,AAPL,,,USD,331.24,,34.96,,
2018-04-19,DIVIDEND,BVMF:PETR4,PETR4,,,BRL,179.30,,31.44,,
2018-04-20,BUY,XBOG:PFBCOLOM,PFBCOLOM,2000,41553.49,COP,,1,,,
2018-04-21,BUY,XNAS:NVDA,NVDA,6,94.46,USD,,1,,,
2018-04-23,BUY,XNAS:GOOGL,GOOGL,2,145.86,USD,,1,,,
2018-04-24,BUY,XBOG:ECOPETROL,ECOPETROL,1900,2296.12,COP,,1,,,
2018-04-26,DIVIDEND,XNYS:KO,KO,,,USD,343.74,,17.45,,
2018-04-27,BUY,XNYS:KO,KO,10,79.25,USD,,1,,,
2018-04-28,DIVIDEND,XNYS:KO,KO,,,USD,60.04,,39.57,,
2018-04-29,SELL,XBOG:ISA,ISA,3863,24291.45,COP,,1,,,
2018-04-30,BUY,XNAS:GOOGL,GOOGL,13,195.79,USD,,1,,,
2018-05-01,BUY,XNAS:MSFT,MSFT,12,407.13,USD,,1,,,
2018-05-03,BUY,XBOG:ISA,ISA,1700,21435.99,COP,,1,,,
2018-05-05,BUY,XNYS:KO,KO,7,56.56,USD,,1,,,
2018-05-06,BUY,XBOG:ECOPETROL,ECOPETROL,200,3132.23,COP,,1,,,
2018-05-08,BUY,ARCX:VOO,VOO,8,414.06,USD,,1,,,
2018-05-09,DIVIDEND,ARCX:VOO,VOO,,,USD,182.12,,20.58,,
2018-05-10,BUY,ARCX:VOO,VOO,5,459.59,USD,,1,,,
2018-05-12,BUY,XBOG:ECOPETROL,ECOPETROL,800,1390.82,COP,,1,,,
2018-05-14,BUY,XNYS:KO,KO,12,69.51,USD,,1,,,
2018-05-15,DEPOSIT,,,,,COP,20000000,,,,
2018-05-15,DEPOSIT,,,,,USD,5000,,,,
2018-05-15,DEPOSIT,,,,,BRL,20000,,,,
2018-05-16,BUY,XBOG:ECOPETROL,ECOPETROL,1100,2538.10,COP,,1,,,
2018-05-17,BUY,ARCX:VOO,VOO,5,431.58,USD,,1,,,
2018-05-19,SELL,BVMF:PETR4,PETR4,46,50.09,BRL,,1,,,
2018-05-20,BUY,XNAS:AAPL,AAPL,12,148.39,USD,,1,,,
2018-05-21,BUY,XBOG:PFBCOLOM,PFBCOLOM,1000,26519.17,COP,,1,,,
2018-05-23,BUY,XNAS:MSFT,MSFT,6,257.87,USD,,1,,,
2018-05-25,BUY,XBOG:PFBCOLOM,PFBCOLOM,600,36610.89,COP,,1,,,
2018-05-26,BUY,BVMF:ITUB4,ITUB4,3,35.93,BRL,,1,,,
2018-05-28,DIVIDEND,XNAS:NVDA,NVDA,,,USD,135.89,,32.26,,
2018-05-30,BUY,BVMF:WEGE3,WEGE3,11,24.27,BRL,,1,,,
2018-05-31,BUY,XNYS:KO,KO,20,80.89,USD,,1,,,
2018-06-02,BUY,XNAS:MSFT,MSFT,5,359.39,USD,,1,,,
2018-06-03,SELL,ARCX:VOO,VOO,26,358.53,USD,,1,,,
2018-06-04,DIVIDEND,BVMF:WEGE3,WEGE3,,,BRL,423.63,,46.34,,
2018-06-05,BUY,XNAS:GOOGL,GOOGL,10,167.14,USD,,1,,,
2018-06-07,BUY,XNYS:KO,KO,12,51.37,USD,,1,,,
2018-06-09,BUY,XBOG:ISA,ISA,900,14247.07,COP,,1,,,
2018-06-10,BUY,XNYS:KO,KO,13,79.45,USD,,1,,,
2018-06-11,BUY,BVMF:ITUB4,ITUB4,6,41.90,BRL,,1,,,
2018-06-12,BUY,XBOG:ECOPETROL,ECOPETROL,600,1634.47,COP,,1,,,
2018-06-14,BUY,XNAS:AAPL,AAPL,15,147.53,USD,,1,,,
2018-06-15,SELL,XNAS:AAPL,AAPL,47,94.80,USD,,1,,,
2018-06-17,BUY,XNAS:MSFT,MSFT,2,303.51,USD,,1,,,
2018-06-19,DIVIDEND,XNAS:MSFT,MSFT,,,USD,222.15,,33.31,,
2018-06-20,DIVIDEND,ARCX:VOO,VOO,,,USD,192.52,,0.21,,
2018-06-22,BUY,BVMF:ITUB4,ITUB4,3,31.03,BRL,,1,,,
2018-06-24,BUY,BVMF:WEGE3,WEGE3,5,55.18,BRL,,1,,,
2018-06-25,SELL,XNAS:AAPL,AAPL,36,198.42,USD,,1,,,
2018-06-27,BUY,XBOG:PFBCOLOM,PFBCOLOM,1900,36991.51,COP,,1,,,
2018-06-29,BUY,XNYS:KO,KO,5,50.37,USD,,1,,,
2018-07-01,BUY,XNYS:KO,KO,1,76.71,USD,,1,,,
2018-07-02,BUY,BVMF:ITUB4,ITUB4,3,21.53,BRL,,1,,,
2018-07-04,BUY,BVMF:PETR4,PETR4,12,35.84,BRL,,1,,,
2018-07-06,BUY,XNAS:MSFT,MSFT,8,223.32,USD,,1,,,
2018-07-07,BUY,XNAS:MSFT,MSFT,8,386.92,USD,,1,,,
2018-07-09,BUY,XBOG:ECOPETROL,ECOPETROL,1700,2613.24,COP,,1,,,
2018-07-11,BUY,BVMF:ITUB4,ITUB4,8,30.99,BRL,,1,,,
2018-07-12,DEPOSIT,,,,,COP,20000000,,,,
2018-07-12,DEPOSIT,,,,,USD,5000,,,,
2018-07-12,DEPOSIT,,,,,BRL,20000,,,,
2018-07-13,DIVIDEND,XNYS:KO,KO,,,USD,41.37,,21.98,,
2018-07-14,BUY,XNAS:GOOGL,GOOGL,17,95.43,USD,,1,,,
2018-07-16,BUY,XBOG:ECOPETROL,ECOPETROL,1900,2254.20,COP,,1,,,
2018-07-17,BUY,XNAS:NVDA,NVDA,2,92.35,USD,,1,,,
2018-07-18,BUY,XNAS:AAPL,AAPL,20,204.68,USD,,1,,,
2018-07-20,BUY,XNAS:GOOGL,GOOGL,5,131.71,USD,,1,,,
2018-07-21,BUY,XBOG:ECOPETROL,ECOPETROL,1900,1591.07,COP,,1,,,
2018-07-23,BUY,XNAS:GOOGL,GOOGL,11,174.06,USD,,1,,,
2018-07-24,SELL,XNAS:MSFT,MSFT,73,251.79,USD,,1,,,
2018-07-26,SELL,XNAS:AAPL,AAPL,32,212.48,USD,,1,,,
2018-07-28,BUY,BVMF:WEGE3,WEGE3,11,49.70,BRL,,1,,,
2018-07-29,BUY,XNYS:KO,KO,8,48.22,USD,,1,,,
2018-07-30,BUY,XNAS:AAPL,AAPL,19,142.79,USD,,1,,,
2018-07-31,BUY,XNAS:MSFT,MSFT,9,224.46,USD,,1,,,
2018-08-02,DIVIDEND,XNYS:KO,KO,,,USD,193.51,,7.21,,
2018-08-04,BUY,XNAS:GOOGL,GOOGL,9,190.26,USD,,1,,,
2018-08-05,BUY,ARCX:VOO,VOO,16,400.57,USD,,1,,,
2018-08-06,SELL,XNAS:AAPL,AAPL,28,101.19,USD,,1,,,
2018-08-08,SELL,ARCX:VOO,VOO,23,517.17,USD,,1,,,
2018-08-10,BUY,XNAS:NVDA,NVDA,17,66.07,USD,,1,,,
2018-08-12,BUY,XBOG:PFBCOLOM,PFBCOLOM,500,37498.25,COP,,1,,,
2018-08-13,BUY,XBOG:ISA,ISA,1500,15571.72,COP,,1,,,
2018-08-15,BUY,XBOG:ISA,ISA,1100,10886.23,COP,,1,,,
2018-08-17,BUY,XNAS:AAPL,AAPL,8,145.13,USD,,1,,,
2018-08-18,BUY,XNAS:GOOGL,GOOGL,5,114.54,USD,,1,,,
2018-08-20,BUY,XBOG:PFBCOLOM,PFBCOLOM,1200,36930.90,COP,,1,,,
2018-08-21,DIVIDEND,XNAS:AAPL,AAPL,,,USD,457.95,,45.13,,
2018-08-22,DIVIDEND,BVMF:PETR4,PETR4,,,BRL,318.39,,31.73,,
2018-08-24,SELL,XBOG:ECOPETROL,ECOPETROL,4932,3387.47,COP,,1,,,
2018-08-25,BUY,XBOG:PFBCOLOM,PFBCOLOM,1100,41706.90,COP,,1,,,
2018-08-26,BUY,BVMF:WEGE3,WEGE3,13,34.70,BRL,,1,,,
2018-08-28,BUY,BVMF:ITUB4,ITUB4,17,26.81,BRL,,1,,,
2018-08-29,SELL,XBOG:ISA,ISA,4197,13514.58,COP,,1,,,
2018-08-30,BUY,XNYS:KO,KO,15,55.44,USD,,1,,,
2018-09-01,BUY,XBOG:PFBCOLOM,PFBCOLOM,600,37430.20,COP,,1,,,
2018-09-02,BUY,XBOG:PFBCOLOM,PFBCOLOM,900,41346.34,COP,,1,,,
2018-09-04,BUY,XBOG:ECOPETROL,ECOPETROL,1900,3081.59,COP,,1,,,
2018-09-05,DEPOSIT,,,,,COP,20000000,,,,
2018-09-05,DEPOSIT,,,,,USD,5000,,,,
2018-09-05,DEPOSIT,,,,,BRL,20000,,,,
2018-09-07,DIVIDEND,XBOG:ISA,ISA,,,COP,485.42,,34.51,,
2018-09-08,SELL,XBOG:ISA,ISA,3148,26983.90,COP,,1,,,
2018-09-10,DIVIDEND,BVMF:WEGE3,WEGE3,,,BRL,16.42,,8.23,,
2018-09-12,BUY,XNAS:AAPL,AAPL,7,95.72,USD,,1,,,
2018-09-14,BUY,XNAS:NVDA,NVDA,10,129.13,USD,,1,,,
2018-09-15,BUY,XNAS:GOOGL,GOOGL,2,191.87,USD,,1,,,
2018-09-16,BUY,XNAS:NVDA,NVDA,11,117.52,USD,,1,,,
2018-09-17,BUY,BVMF:WEGE3,WEGE3,1,44.48,BRL,,1,,,
2018-09-18,BUY,XBOG:ISA,ISA,100,20144.64,COP,,1,,,
2018-09-20,BUY,XBOG:ISA,ISA,600,11627.25,COP,,1,,,
2018-09-22,SELL,XNAS:MSFT,MSFT,57,367.89,USD,,1,,,
2018-09-24,SELL,XNAS:NVDA,NVDA,40,99.96,USD,,1,,,
2018-09-26,DIVIDEND,XNAS:AAPL,AAPL,,,USD,463.02,,28.21,,
2018-09-28,BUY,XNAS:NVDA,NVDA,11,72.53,USD,,1,,,
2018-09-29,BUY,ARCX:VOO,VOO,17,485.50,USD,,1,,,
2018-09-30,BUY,XBOG:ISA,ISA,1400,15755.16,COP,,1,,,
2018-10-01,BUY,XNAS:NVDA,NVDA,19,86.47,USD,,1,,,
2018-10-03,SELL,BVMF:ITUB4,ITUB4,53,40.90,BRL,,1,,,
2018-10-05,BUY,BVMF:WEGE3,WEGE3,15,41.90,BRL,,1,,,
2018-10-07,BUY,XBOG:PFBCOLOM,PFBCOLOM,500,28081.63,COP,,1,,,
2018-10-09,BUY,XBOG:ISA,ISA,500,25049.16,COP,,1,,,
2018-10-10,BUY,XNAS:MSFT,MSFT,1,329.91,USD,,1,,,
2018-10-11,BUY,BVMF:WEGE3,WEGE3,7,41.77,BRL,,1,,,
2018-10-12,BUY,XNAS:NVDA,NVDA,12,119.01,USD,,1,,,
2018-10-13,DIVIDEND,ARCX:VOO,VOO,,,USD,266.61,,17.54,,
2018-10-14,BUY,BVMF:ITUB4,ITUB4,7,33.27,BRL,,1,,,
2018-10-16,DIVIDEND,BVMF:PETR4,PETR4,,,BRL,232.75,,16.19,,
2018-10-17,BUY,XNAS:GOOGL,GOOGL,1,91.33,USD,,1,,,
2018-10-19,BUY,XBOG:ISA,ISA,200,14084.88,COP,,1,,,
2018-10-21,BUY,BVMF:PETR4,PETR4,8,21.86,BRL,,1,,,
2018-10-22,BUY,BVMF:PETR4,PETR4,8,27.48,BRL,,1,,,
2018-10-23,BUY,BVMF:PETR4,PETR4,9,29.36,BRL,,1,,,
2018-10-25,BUY,XNAS:NVDA,NVDA,6,98.19,USD,,1,,,
2018-10-27,DIVIDEND,ARCX:VOO,VOO,,,USD,412.30,,14.13,,
2018-10-29,BUY,XBOG:ECOPETROL,ECOPETROL,600,1968.37,COP,,1,,,
2018-10-31,BUY,XNAS:AAPL,AAPL,7,192.16,USD,,1,,,
2018-11-02,BUY,BVMF:ITUB4,ITUB4,6,28.44,BRL,,1,,,
2018-11-03,DEPOSIT,,,,,COP,20000000,,,,
2018-11-03,DEPOSIT,,,,,USD,5000,,,,
2018-11-03,DEPOSIT,,,,,BRL,20000,,,,
2018-11-05,BUY,XNAS:MSFT,MSFT,5,413.84,USD,,1,,,
2018-11-06,BUY,XBOG:PFBCOLOM,PFBCOLOM,500,35073.63,COP,,1,,,
2018-11-08,BUY,ARCX:VOO,VOO,15,458.49,USD,,1,,,
2018-11-09,BUY,XNYS:KO,KO,13,78.33,USD,,1,,,
2018-11-10,BUY,XBOG:ECOPETROL,ECOPETROL,100,1449.69,COP,,1,,,
2018-11-11,BUY,XNAS:GOOGL,GOOGL,4,165.59,USD,,1,,,
2018-11-12,DIVIDEND,XBOG:ISA,ISA,,,COP,36.96,,5.52,,
2018-11-14,DIVIDEND,BVMF:WEGE3,WEGE3,,,BRL,217.10,,8.95,,
2018-11-15,BUY,BVMF:WEGE3,WEGE3,17,55.79,BRL,,1,,,
2018-11-17,SELL,XNAS:MSFT,MSFT,44,284.83,USD,,1,,,
2018-11-18,DIVIDEND,XBOG:ECOPETROL,ECOPETROL,,,COP,367.04,,13.65,,
2018-11-19,BUY,XBOG:PFBCOLOM,PFBCOLOM,300,48057.12,COP,,1,,,
2018-11-20,BUY,BVMF:PETR4,PETR4,18,47.65,BRL,,1,,,
2018-11-22,BUY,XNAS:GOOGL,GOOGL,2,157.15,USD,,1,,,
2018-11-24,BUY,XNAS:GOOGL,GOOGL,14,194.02,USD,,1,,,
2018-11-26,BUY,XBOG:ISA,ISA,1800,16835.75,COP,,1,,,
2018-11-27,BUY,BVMF:PETR4,PETR4,14,43.51,BRL,,1,,,
2018-11-28,BUY,BVMF:WEGE3,WEGE3,9,46.20,BRL,,1,,,
2018-11-30,DIVIDEND,XBOG:ECOPETROL,ECOPETROL,,,COP,333.40,,4.34,,
2018-12-01,DIVIDEND,XNAS:AAPL,AAPL,,,USD,205.88,,27.93,,
2018-12-03,BUY,XBOG:ISA,ISA,1500,24791.23,COP,,1,,,
2018-12-04,BUY,XNYS:KO,KO,16,60.49,USD,,1,,,
2018-12-06,BUY,XNYS:KO,KO,13,53.05,USD,,1,,,
2018-12-07,BUY,BVMF:WEGE3,WEGE3,9,43.61,BRL,,1,,,
2018-12-09,BUY,BVMF:WEGE3,WEGE3,8,53.57,BRL,,1,,,
2018-12-11,BUY,BVMF:ITUB4,ITUB4,12,30.53,BRL,,1,,,
2018-12-13,BUY,ARCX:VOO,VOO,3,536.75,USD,,1,,,
2018-12-15,BUY,BVMF:WEGE3,WEGE3,6,50.03,BRL,,1,,,
2018-12-16,BUY,ARCX:VOO,VOO,15,296.87,USD,,1,,,
2018-12-17,BUY,XBOG:ISA,ISA,1400,12571.69,COP,,1,,,
2018-12-18,SELL,BVMF:PETR4,PETR4,52,24.60,BRL,,1,,,
2018-12-20,BUY,BVMF:WEGE3,WEGE3,17,33.68,BRL,,1,,,
2018-12-21,BUY,XBOG:PFBCOLOM,PFBCOLOM,1500,40460.44,COP,,1,,,
2018-12-23,BUY,XNAS:GOOGL,GOOGL,6,168.99,USD,,1,,,
2018-12-24,BUY,ARCX:VOO,VOO,12,396.41,USD,,1,,,
2018-12-25,BUY,BVMF:WEGE3,WEGE3,11,49.65,BRL,,1,,,
2018-12-27,BUY,XBOG:ECOPETROL,ECOPETROL,100,2429.81,COP,,1,,,
2018-12-28,DEPOSIT,,,,,COP,20000000,,,,
2018-12-28,DEPOSIT,,,,,USD,5000,,,,
2018-12-28,DEPOSIT,,,,,BRL,20000,,,,
2018-12-30,SELL,XBOG:PFBCOLOM,PFBCOLOM,6576,53092.37,COP,,1,,,
2019-01-01,BUY,BVMF:ITUB4,ITUB4,3,30.60,BRL,,1,,,
2019-01-03,DIVIDEND,XBOG:ECOPETROL,ECOPETROL,,,COP,68.51,,47.92,,
2019-01-05,BUY,XBOG:ISA,ISA,200,21130.62,COP,,1,,,
2019-01-07,BUY,XNAS:GOOGL,GOOGL,10,192.62,USD,,1,,,
2019-01-09,BUY,XBOG:PFBCOLOM,PFBCOLOM,1200,27681.53,COP,,1,,,
2019-01-10,DIVIDEND,XBOG:ECOPETROL,ECOPETROL,,,COP,488.96,,42.59,,
2019-01-12,BUY,XBOG:ECOPETROL,ECOPETROL,1100,2962.73,COP,,1,,,
2019-01-13,SELL,BVMF:PETR4,PETR4,39,34.76,BRL,,1,,,
2019-01-15,BUY,XNYS:KO,KO,1,41.17,USD,,1,,,
2019-01-17,DIVIDEND,XNAS:GOOGL,GOOGL,,,USD,420.59,,20.74,,
2019-01-19,BUY,XNAS:MSFT,MSFT,15,275.43,USD,,1,,,
2019-01-20,BUY,XNAS:AAPL,AAPL,8,178.85,USD,,1,,,
2019-01-22,BUY,XNYS:KO,KO,10,62.58,USD,,1,,,
2019-01-24,SELL,XNAS:MSFT,MSFT,37,207.02,USD,,1,,,
2019-01-25,BUY,XNAS:AAPL,AAPL,4,149.63,USD,,1,,,
2019-01-26,BUY,XNAS:AAPL,AAPL,7,175.33,USD,,1,,,
2019-01-28,DIVIDEND,BVMF:WEGE3,WEGE3,,,BRL,347.05,,20.90,,
2019-01-29,DIVIDEND,XNAS:AAPL,AAPL,,,USD,436.61,,7.28,,
2019-01-31,BUY,XNAS:AAPL,AAPL,6,208.64,USD,,1,,,
2019-02-02,BUY,XNAS:MSFT,MSFT,11,272.09,USD,,1,,,
2019-02-04,BUY,BVMF:WEGE3,WEGE3,14,45.79,BRL,,1,,,
2019-02-06,BUY,BVMF:PETR4,PETR4,14,44.99,BRL,,1,,,
2019-02-08,BUY,ARCX:VOO,VOO,2,306.40,USD,,1,,,
2019-02-10,DIVIDEND,XNYS:KO,KO,,,USD,247.05,,29.19,,
2019-02-12,DIVIDEND,XBOG:ISA,ISA,,,COP,104.13,,45.97,,
2019-02-13,SELL,XNAS:AAPL,AAPL,33,169.96,USD,,1,,,
2019-02-15,DIVIDEND,XBOG:ISA,ISA,,,COP,22.48,,10.98,,
2019-02-17,BUY,XNAS:GOOGL,GOOGL,7,173.88,USD,,1,,,
2019-02-19,BUY,XNAS:GOOGL,GOOGL,15,106.83,USD,,1,,,
2019-02-20,BUY,BVMF:PETR4,PETR4,4,22.37,BRL,,1,,,
2019-02-21,SELL,BVMF:ITUB4,ITUB4,46,23.40,BRL,,1,,,
2019-02-22,BUY,XNYS:KO,KO,10,74.49,USD,,1,,,
2019-02-23,BUY,XNAS:GOOGL,GOOGL,7,141.82,USD,,1,,,
2019-02-25,BUY,XNAS:MSFT,MSFT,2,279.53,USD,,1,,,
2019-02-27,SELL,BVMF:ITUB4,ITUB4,35,38.58,BRL,,1,,,
2019-02-28,DIVIDEND,XNAS:GOOGL,GOOGL,,,USD,71.03,,8.01,,
2019-03-02,DEPOSIT,,,,,COP,20000000,,,,
2019-03-02,DEPOSIT,,,,,USD,5000,,,,
2019-03-02,DEPOSIT,,,,,BRL,20000,,,,
2019-03-03,DIVIDEND,XBOG:ISA,ISA,,,COP,354.94,,35.97,,
2019-03-05,DIVIDEND,XBOG:ISA,ISA,,,COP,276.62,,10.73,,
2019-03-06,BUY,XNAS:AAPL,AAPL,11,135.60,USD,,1,,,
2019-03-08,BUY,BVMF:WEGE3,WEGE3,3,30.34,BRL,,1,,,
2019-03-09,SELL,BVMF:PETR4,PETR4,34,32.66,BRL,,1,,,
2019-03-11,BUY,XBOG:ISA,ISA,400,20267.92,COP,,1,,,
2019-03-12,DIVIDEND,BVMF:WEGE3,WEGE3,,,BRL,265.54,,14.54,,
2019-03-14,BUY,BVMF:ITUB4,ITUB4,3,22.81,BRL,,1,,,
2019-03-16,DIVIDEND,XNAS:NVDA,NVDA,,,USD,294.04,,37.81,,
2019-03-17,BUY,XBOG:PFBCOLOM,PFBCOLOM,800,37206.06,COP,,1,,,
2019-03-19,BUY,XNAS:NVDA,NVDA,4,137.39,USD,,1,,,
2019-03-21,BUY,ARCX:VOO,VOO,10,256.02,USD,,1,,,
2019-03-23,BUY,BVMF:ITUB4,ITUB4,8,25.91,BRL,,1,,,
2019-03-25,BUY,XBOG:PFBCOLOM,PFBCOLOM,300,41263.01,COP,,1,,,
2019-03-27,BUY,BVMF:WEGE3,WEGE3,4,49.22,BRL,,1,,,
2019-03-29,BUY,XNAS:AAPL,AAPL,2,151.60,USD,,1,,,
2019-03-30,BUY,XNAS:GOOGL,GOOGL,5,130.52,USD,,1,,,
2019-04-01,BUY,XNAS:GOOGL,GOOGL,6,124.26,USD,,1,,,
2019-04-02,BUY,XNYS:KO,KO,16,50.56,USD,,1,,,
2019-04-04,BUY,XBOG:ECOPETROL,ECOPETROL,400,1661.66,COP,,1,,,
2019-04-06,BUY,XNAS:MSFT,MSFT,11,292.28,USD,,1,,,
2019-04-07,BUY,XNAS:AAPL,AAPL,17,120.75,USD,,1,,,
2019-04-08,BUY,BVMF:WEGE3,WEGE3,7,55.62,BRL,,1,,,
2019-04-09,SELL,BVMF:WEGE3,WEGE3,91,44.07,BRL,,1,,,
2019-04-10,BUY,XNAS:AAPL,AAPL,16,185.00,USD,,1,,,
2019-04-11,BUY,XBOG:ECOPETROL,ECOPETROL,300,2760.08,COP,,1,,,
2019-04-12,SELL,XNAS:AAPL,AAPL,36,153.60,USD,,1,,,
2019-04-13,BUY,XNAS:MSFT,MSFT,3,339.33,USD,,1,,,
2019-04-14,BUY,XNAS:NVDA,NVDA,17,116.86,USD,,1,,,
2019-04-15,SELL,XNAS:MSFT,MSFT,34,359.75,USD,,1,,,
2019-04-16,BUY,XNAS:NVDA,NVDA,6,125.17,USD,,1,,,
2019-04-18,BUY,BVMF:ITUB4,ITUB4,19,40.10,BRL,,1,,,
2019-04-19,BUY,BVMF:PETR4,PETR4,14,21.90,BRL,,1,,,
2019-04-20,BUY,BVMF:WEGE3,WEGE3,6,28.84,BRL,,1,,,
2019-04-22,SELL,XBOG:ECOPETROL,ECOPETROL,4824,1835.86,COP,,1,,,
2019-04-23,BUY,XNAS:GOOGL,GOOGL,3,195.70,USD,,1,,,
2019-04-25,BUY,BVMF:WEGE3,WEGE3,11,53.06,BRL,,1,,,
2019-04-26,DEPOSIT,,,,,COP,20000000,,,,
2019-04-26,DEPOSIT,,,,,USD,5000,,,,
2019-04-26,DEPOSIT,,,,,BRL,20000,,,,
2019-04-27,SELL,BVMF:PETR4,PETR4,29,24.23,BRL,,1,,,
2019-04-29,BUY,BVMF:ITUB4,ITUB4,16,21.24,BRL,,1,,,
2019-05-01,DIVIDEND,XNAS:GOOGL,GOOGL,,,USD,235.75,,39.42,,
2019-05-02,BUY,XNYS:KO,KO,17,50.35,USD,,1,,,
2019-05-03,BUY,XBOG:PFBCOLOM,PFBCOLOM,800,27722.97,COP,,1,,,
2019-05-05,BUY,BVMF:ITUB4,ITUB4,19,39.79,BRL,,1,,,
2019-05-06,BUY,BVMF:PETR4,PETR4,11,44.12,BRL,,1,,,
2019-05-08,DIVIDEND,XBOG:ECOPETROL,ECOPETROL,,,COP,327.98,,41.81,,
2019-05-10,BUY,BVMF:PETR4,PETR4,10,21.13,BRL,,1,,,
2019-05-12,BUY,XNAS:MSFT,MSFT,16,280.48,USD,,1,,,
2019-05-14,BUY,XBOG:ISA,ISA,1800,13876.66,COP,,1,,,
2019-05-16,BUY,BVMF:ITUB4,ITUB4,20,18.78,BRL,,1,,,
2019-05-18,BUY,XBOG:PFBCOLOM,PFBCOLOM,600,40632.95,COP,,1,,,
2019-05-20,BUY,BVMF:WEGE3,WEGE3,8,27.86,BRL,,1,,,
2019-05-21,BUY,ARCX:VOO,VOO,13,326.87,USD,,1,,,
2019-05-22,BUY,XBOG:ECOPETROL,ECOPETROL,1200,3017.34,COP,,1,,,
2019-05-24,BUY,XBOG:ISA,ISA,1700,22186.71,COP,,1,,,
2019-05-25,DIVIDEND,ARCX:VOO,VOO,,,USD,198.51,,0.45,,
2019-05-26,BUY,XBOG:ECOPETROL,ECOPETROL,1500,2420.08,COP,,1,,,
2019-05-28,SELL,XNYS:KO,KO,91,42.05,USD,,1,,,
2019-05-30,BUY,XBOG:PFBCOLOM,PFBCOLOM,1400,23125.28,COP,,1,,,
2019-06-01,BUY,XBOG:PFBCOLOM,PFBCOLOM,1200,29549.34,COP,,1,,,
2019-06-03,DIVIDEND,XNYS:KO,KO,,,USD,34.54,,32.73,,
2019-06-05,BUY,XNAS:AAPL,AAPL,2,195.03,USD,,1,,,
2019-06-06,BUY,BVMF:ITUB4,ITUB4,10,36.03,BRL,,1,,,
2019-06-07,SELL,XNAS:GOOGL,GOOGL,99,148.24,USD,,1,,,
2019-06-09,BUY,XNAS:AAPL,AAPL,9,107.34,USD,,1,,,
2019-06-10,DIVIDEND,ARCX:VOO,VOO,,,USD,374.95,,32.07,,
2019-06-12,BUY,XBOG:ECOPETROL,ECOPETROL,1000,2802.09,COP,,1,,,
2019-06-13,BUY,BVMF:PETR4,PETR4,3,43.54,BRL,,1,,,
2019-06-15,BUY,XNAS:GOOGL,GOOGL,12,161.38,USD,,1,,,
2019-06-17,BUY,XNAS:NVDA,NVDA,16,126.07,USD,,1,,,
2019-06-19,DIVIDEND,XBOG:ECOPETROL,ECOPETROL,,,COP,260.42,,43.87,,
2019-06-20,BUY,BVMF:WEGE3,WEGE3,6,45.81,BRL,,1,,,
2019-06-21,BUY,BVMF:PETR4,PETR4,12,47.94,BRL,,1,,,
2019-06-22,BUY,BVMF:ITUB4,ITUB4,7,32.90,BRL,,1,,,
2019-06-24,BUY,XNYS:KO,KO,9,53.37,USD,,1,,,
2019-06-26,DEPOSIT,,,,,COP,20000000,,,,
2019-06-26,DEPOSIT,,,,,USD,5000,,,,
2019-06-26,DEPOSIT,,,,,BRL,20000,,,,
2019-06-28,BUY,XBOG:ECOPETROL,ECOPETROL,2000,2208.44,COP,,1,,,
2019-06-30,BUY,XBOG:ISA,ISA,200,12989.81,COP,,1,,,
2019-07-02,BUY,XNYS:KO,KO,14,72.13,USD,,1,,,
2019-07-04,BUY,XNAS:GOOGL,GOOGL,13,143.29,USD,,1,,,
2019-07-06,DIVIDEND,XNAS:MSFT,MSFT,,,USD,133.56,,38.57,,
2019-07-07,BUY,XNAS:GOOGL,GOOGL,19,118.23,USD,,1,,,
2019-07-09,BUY,XBOG:ECOPETROL,ECOPETROL,300,2991.10,COP,,1,,,
2019-07-10,SELL,XNYS:KO,KO,74,85.70,USD,,1,,,
2019-07-11,DIVIDEND,ARCX:VOO,VOO,,,USD,324.16,,48.36,,
2019-07-12,SELL,BVMF:PETR4,PETR4,31,50.46,BRL,,1,,,
2019-07-14,BUY,BVMF:ITUB4,ITUB4,11,26.39,BRL,,1,,,
2019-07-15,SELL,ARCX:VOO,VOO,39,452.72,USD,,1,,,
2019-07-17,BUY,XBOG:PFBCOLOM,PFBCOLOM,500,26965.48,COP,,1,,,
2019-07-18,DIVIDEND,XNAS:MSFT,MSFT,,,USD,253.56,,42.60,,
2019-07-19,BUY,BVMF:PETR4,PETR4,7,37.06,BRL,,1,,,
2019-07-21,SELL,XNYS:KO,KO,55,83.31,USD,,1,,,
2019-07-22,BUY,XNYS:KO,KO,8,60.03,USD,,1,,,
2019-07-24,DIVIDEND,XNAS:GOOGL,GOOGL,,,USD,485.09,,46.51,,
2019-07-26,DIVIDEND,ARCX:VOO,VOO,,,USD,325.49,,43.78,,
2019-07-28,BUY,XBOG:PFBCOLOM,PFBCOLOM,300,42602.69,COP,,1,,,
2019-07-30,BUY,XBOG:ECOPETROL,ECOPETROL,1000,1552.67,COP,,1,,,
2019-07-31,BUY,XNAS:GOOGL,GOOGL,17,92.08,USD,,1,,,
2019-08-02,BUY,BVMF:ITUB4,ITUB4,5,28.72,BRL,,1,,,
2019-08-03,DIVIDEND,XNAS:NVDA,NVDA,,,USD,279.68,,40.37,,
2019-08-04,BUY,BVMF:ITUB4,ITUB4,4,29.61,BRL,,1,,,
2019-08-06,BUY,XBOG:ISA,ISA,1100,18441.97,COP,,1,,,
2019-08-07,BUY,XBOG:ECOPETROL,ECOPETROL,1000,2924.51,COP,,1,,,
2019-08-08,BUY,ARCX:VOO,VOO,1,499.45,USD,,1,,,
2019-08-10,BUY,XNAS:MSFT,MSFT,9,353.89,USD,,1,,,
2019-08-11,BUY,BVMF:WEGE3,WEGE3,19,37.09,BRL,,1,,,
2019-08-12,SELL,BVMF:WEGE3,WEGE3,81,37.18,BRL,,1,,,
2019-08-14,BUY,BVMF:ITUB4,ITUB4,19,21.21,BRL,,1,,,
2019-08-16,DIVIDEND,XNAS:GOOGL,GOOGL,,,USD,310.75,,9.54,,
2019-08-17,BUY,ARCX:VOO,VOO,10,483.06,USD,,1,,,
2019-08-18,SELL,BVMF:WEGE3,WEGE3,61,24.66,BRL,,1,,,
2019-08-19,SELL,XNAS:GOOGL,GOOGL,89,111.54,USD,,1,,,
2019-08-21,BUY,XNAS:GOOGL,GOOGL,10,167.74,USD,,1,,,
2019-08-22,DEPOSIT,,,,,COP,20000000,,,,
2019-08-22,DEPOSIT,,,,,USD,5000,,,,
2019-08-22,DEPOSIT,,,,,BRL,20000,,,,
2019-08-23,BUY,XBOG:ECOPETROL,ECOPETROL,1400,1403.94,COP,,1,,,
2019-08-25,BUY,XNYS:KO,KO,6,63.14,USD,,1,,,
2019-08-27,DIVIDEND,XBOG:PFBCOLOM,PFBCOLOM,,,COP,57.10,,36.97,,
2019-08-29,BUY,XNAS:AAPL,AAPL,15,182.73,USD,,1,,,
2019-08-31,BUY,ARCX:VOO,VOO,12,488.79,USD,,1,,,
2019-09-02,BUY,XNAS:MSFT,MSFT,11,370.74,USD,,1,,,
2019-09-04,DIVIDEND,ARCX:VOO,VOO,,,USD,425.73,,26.42,,
2019-09-06,BUY,XBOG:ECOPETROL,ECOPETROL,1200,1843.57,COP,,1,,,
2019-09-07,DIVIDEND,XBOG:ECOPETROL,ECOPETROL,,,COP,356.56,,47.27,,
2019-09-09,SELL,XNAS:GOOGL,GOOGL,69,137.78,USD,,1,,,
2019-09-11,BUY,XNAS:AAPL,AAPL,4,115.68,USD,,1,,,
2019-09-13,BUY,XNAS:MSFT,MSFT,15,367.29,USD,,1,,,
2019-09-14,DIVIDEND,BVMF:WEGE3,WEGE3,,,BRL,457.37,,42.93,,
2019-09-16,BUY,BVMF:ITUB4,ITUB4,16,36.45,BRL,,1,,,
2019-09-17,BUY,XBOG:ECOPETROL,ECOPETROL,1200,2084.00,COP,,1,,,
2019-09-18,BUY,ARCX:VOO,VOO,7,380.81,USD,,1,,,
2019-09-20,SELL,XNAS:NVDA,NVDA,53,132.45,USD,,1,,,
2019-09-21,DIVIDEND,ARCX:VOO,VOO,,,USD,203.11,,33.64,,
2019-09-22,SELL,BVMF:ITUB4,ITUB4,65,38.76,BRL,,1,,,
2019-09-24,BUY,XNAS:MSFT,MSFT,16,323.78,USD,,1,,,
2019-09-25,BUY,XBOG:ECOPETROL,ECOPETROL,100,2101.84,COP,,1,,,
2019-09-26,BUY,XNAS:GOOGL,GOOGL,2,111.17,USD,,1,,,
2019-09-27,SELL,XNAS:AAPL,AAPL,35,159.98,USD,,1,,,
2019-09-29,BUY,XBOG:ECOPETROL,ECOPETROL,200,3091.85,COP,,1,,,
2019-10-01,BUY,ARCX:VOO,VOO,15,245.83,USD,,1,,,
2019-10-02,SELL,XNAS:GOOGL,GOOGL,53,97.52,USD,,1,,,
2019-10-03,SELL,ARCX:VOO,VOO,41,486.36,USD,,1,,,
2019-10-05,BUY,BVMF:PETR4,PETR4,1,23.02,BRL,,1,,,
2019-10-06,BUY,XNAS:MSFT,MSFT,17,314.79,USD,,1,,,
2019-10-07,SELL,XNYS:KO,KO,45,68.73,USD,,1,,,
2019-10-09,BUY,XNYS:KO,KO,1,62.88,USD,,1,,,
2019-10-10,BUY,BVMF:WEGE3,WEGE3,15,30.68,BRL,,1,,,
2019-10-11,BUY,XNAS:MSFT,MSFT,20,414.35,USD,,1,,,
2019-10-13,BUY,XNAS:MSFT,MSFT,8,383.94,USD,,1,,,
2019-10-14,BUY,XBOG:PFBCOLOM,PFBCOLOM,1000,29657.88,COP,,1,,,
2019-10-16,BUY,XNAS:NVDA,NVDA,19,138.29,USD,,1,,,
2019-10-17,BUY,XNAS:MSFT,MSFT,2,207.28,USD,,1,,,
2019-10-18,DEPOSIT,,,,,COP,20000000,,,,
2019-10-18,DEPOSIT,,,,,USD,5000,,,,
2019-10-18,DEPOSIT,,,,,BRL,20000,,,,
2019-10-20,DIVIDEND,XNAS:NVDA,NVDA,,,USD,289.38,,10.54,,
2019-10-21,DIVIDEND,XNAS:AAPL,AAPL,,,USD,359.75,,1.53,,
2019-10-22,SELL,BVMF:PETR4,PETR4,25,49.04,BRL,,1,,,
2019-10-23,BUY,XBOG:PFBCOLOM,PFBCOLOM,1500,28152.95,COP,,1,,,
2019-10-24,BUY,XBOG:PFBCOLOM,PFBCOLOM,1200,21793.89,COP,,1,,,
2019-10-26,BUY,BVMF:ITUB4,ITUB4,6,41.54,BRL,,1,,,
2019-10-28,SELL,XBOG:ISA,ISA,5586,15735.53,COP,,1,,,
2019-10-29,BUY,BVMF:WEGE3,WEGE3,1,34.90,BRL,,1,,,
2019-10-31,DIVIDEND,XBOG:ISA,ISA,,,COP,5.86,,38.55,,
2019-11-01,DIVIDEND,XNAS:MSFT,MSFT,,,USD,268.35,,5.24,,
2019-11-03,BUY,XBOG:ISA,ISA,1200,11725.29,COP,,1,,,
2019-11-04,DIVIDEND,ARCX:VOO,VOO,,,USD,109.70,,2.67,,
2019-11-05,DIVIDEND,BVMF:PETR4,PETR4,,,BRL,466.04,,25.94,,
2019-11-06,BUY,XBOG:ECOPETROL,ECOPETROL,1000,2769.33,COP,,1,,,
2019-11-07,SELL,BVMF:PETR4,PETR4,19,46.05,BRL,,1,,,
2019-11-08,BUY,XNAS:NVDA,NVDA,6,115.25,USD,,1,,,
2019-11-10,SELL,XBOG:ECOPETROL,ECOPETROL,6893,2165.99,COP,,1,,,
2019-11-11,BUY,XBOG:ECOPETROL,ECOPETROL,900,2517.64,COP,,1,,,
2019-11-12,BUY,XNAS:NVDA,NVDA,3,115.59,USD,,1,,,
2019-11-14,BUY,XNAS:GOOGL,GOOGL,3,144.00,USD,,1,,,
2019-11-15,BUY,ARCX:VOO,VOO,18,276.12,USD,,1,,,
2019-11-17,BUY,BVMF:WEGE3,WEGE3,9,53.46,BRL,,1,,,
2019-11-19,BUY,XNAS:MSFT,MSFT,9,252.76,USD,,1,,,
2019-11-21,BUY,ARCX:VOO,VOO,15,556.58,USD,,1,,,
2019-11-22,DIVIDEND,BVMF:ITUB4,ITUB4,,,BRL,174.46,,41.61,,
2019-11-23,BUY,XBOG:ECOPETROL,ECOPETROL,400,2953.22,COP,,1,,,
2019-11-25,BUY,XBOG:PFBCOLOM,PFBCOLOM,2000,21274.55,COP,,1,,,
2019-11-26,BUY,XNAS:MSFT,MSFT,6,367.79,USD,,1,,,
2019-11-28,BUY,ARCX:VOO,VOO,2,285.97,USD,,1,,,
2019-11-29,SELL,XNAS:AAPL,AAPL,26,147.45,USD,,1,,,
2019-11-30,BUY,XBOG:ECOPETROL,ECOPETROL,200,1499.23,COP,,1,,,
2019-12-01,BUY,ARCX:VOO,VOO,12,356.36,USD,,1,,,
2019-12-02,BUY,XNAS:GOOGL,GOOGL,9,125.49,USD,,1,,,
2019-12-03,BUY,XNAS:MSFT,MSFT,8,398.22,USD,,1,,,
2019-12-04,BUY,BVMF:PETR4,PETR4,1,27.27,BRL,,1,,,
2019-12-05,DIVIDEND,BVMF:PETR4,PETR4,,,BRL,427.30,,12.04,,
2019-12-07,BUY,XNAS:AAPL,AAPL,2,101.95,USD,,1,,,
2019-12-09,DEPOSIT,,,,,COP,20000000,,,,
2019-12-09,DEPOSIT,,,,,USD,5000,,,,
2019-12-09,DEPOSIT,,,,,BRL,20000,,,,
2019-12-10,BUY,BVMF:ITUB4,ITUB4,15,29.70,BRL,,1,,,
2019-12-11,BUY,XNAS:GOOGL,GOOGL,16,94.50,USD,,1,,,
2019-12-12,BUY,ARCX:VOO,VOO,8,376.27,USD,,1,,,
2019-12-13,BUY,XNAS:MSFT,MSFT,9,266.67,USD,,1,,,
2019-12-15,BUY,XBOG:ISA,ISA,1800,11624.97,COP,,1,,,
2019-12-16,BUY,XBOG:ECOPETROL,ECOPETROL,1900,2504.50,COP,,1,,,
2019-12-18,BUY,BVMF:PETR4,PETR4,17,22.57,BRL,,1,,,
2019-12-19,BUY,XBOG:ISA,ISA,700,12261.60,COP,,1,,,
2019-12-21,BUY,BVMF:ITUB4,ITUB4,5,19.79,BRL,,1,,,
2019-12-23,BUY,XNAS:MSFT,MSFT,7,247.35,USD,,1,,,
2019-12-25,BUY,XNAS:GOOGL,GOOGL,16,137.94,USD,,1,,,
2019-12-26,BUY,XNYS:KO,KO,17,79.33,USD,,1,,,
2019-12-28,BUY,XNAS:AAPL,AAPL,18,167.81,USD,,1,,,
2019-12-30,BUY,ARCX:VOO,VOO,12,286.41,USD,,1,,,
2020-01-01,SELL,XBOG:ISA,ISA,5115,22616.23,COP,,1,,,
2020-01-02,BUY,XNAS:AAPL,AAPL,20,145.02,USD,,1,,,
2020-01-03,BUY,XNAS:AAPL,AAPL,10,142.68,USD,,1,,,
2020-01-04,SELL,XBOG:PFBCOLOM,PFBCOLOM,8132,47212.54,COP,,1,,,
2020-01-05,DIVIDEND,BVMF:PETR4,PETR4,,,BRL,17.39,,8.26,,
2020-01-07,DIVIDEND,XBOG:ECOPETROL,ECOPETROL,,,COP,37.58,,18.69,,
2020-01-09,BUY,XBOG:ECOPETROL,ECOPETROL,2000,3047.05,COP,,1,,,
2020-01-10,SELL,XBOG:ECOPETROL,ECOPETROL,6520,2092.74,COP,,1,,,
2020-01-12,BUY,XBOG:ISA,ISA,200,16660.50,COP,,1,,,
2020-01-14,BUY,XNAS:GOOGL,GOOGL,1,147.68,USD,,1,,,
2020-01-15,BUY,XNAS:AAPL,AAPL,5,162.90,USD,,1,,,
2020-01-17,BUY,BVMF:ITUB4,ITUB4,18,31.15,BRL,,1,,,
2020-01-19,BUY,XBOG:ECOPETROL,ECOPETROL,1800,1601.79,COP,,1,,,
2020-01-21,BUY,ARCX:VOO,VOO,17,283.28,USD,,1,,,
2020-01-23,DIVIDEND,XNAS:AAPL,AAPL,,,USD,88.04,,21.14,,
2020-01-24,BUY,BVMF:ITUB4,ITUB4,14,24.08,BRL,,1,,,
2020-01-25,DIVIDEND,XNAS:GOOGL,GOOGL,,,USD,138.12,,47.10,,
2020-01-27,BUY,BVMF:PETR4,PETR4,4,48.09,BRL,,1,,,
2020-01-29,BUY,ARCX:VOO,VOO,5,374.43,USD,,1,,,
2020-01-31,SELL,XNYS:KO,KO,38,75.20,USD,,1,,,
2020-02-01,BUY,BVMF:ITUB4,ITUB4,17,32.07,BRL,,1,,,
2020-02-03,DIVIDEND,BVMF:WEGE3,WEGE3,,,BRL,100.38,,3.80,,
2020-02-05,BUY,ARCX:VOO,VOO,9,445.91,USD,,1,,,
2020-02-07,DEPOSIT,,,,,COP,20000000,,,,
2020-02-07,DEPOSIT,,,,,USD,5000,,,,
2020-02-07,DEPOSIT,,,,,BRL,20000,,,,
2020-02-09,BUY,XNAS:MSFT,MSFT,2,329.82,USD,,1,,,
2020-02-11,BUY,XBOG:ISA,ISA,100,17206.52,COP,,1,,,
2020-02-13,BUY,XNAS:GOOGL,GOOGL,6,136.14,USD,,1,,,
2020-02-15,SELL,XBOG:ECOPETROL,ECOPETROL,5340,3629.88,COP,,1,,,
2020-02-16,DIVIDEND,XBOG:ECOPETROL,ECOPETROL,,,COP,273.56,,20.05,,
2020-02-17,DIVIDEND,XBOG:ECOPETROL,ECOPETROL,,,COP,188.55,,35.41,,
2020-02-19,BUY,XBOG:ISA,ISA,500,25166.47,COP,,1,,,
2020-02-20,DIVIDEND,XNAS:MSFT,MSFT,,,USD,22.66,,6.80,,
2020-02-22,BUY,XNYS:KO,KO,3,58.54,USD,,1,,,
2020-02-24,DIVIDEND,XNAS:NVDA,NVDA,,,USD,273.75,,17.26,,
2020-02-26,BUY,BVMF:ITUB4,ITUB4,1,34.23,BRL,,1,,,
2020-02-27,BUY,XNAS:MSFT,MSFT,10,380.53,USD,,1,,,
2020-02-28,BUY,XNAS:GOOGL,GOOGL,19,192.23,USD,,1,,,
2020-02-29,BUY,XBOG:PFBCOLOM,PFBCOLOM,900,25575.42,COP,,1,,,
2020-03-01,BUY,XNYS:KO,KO,19,38.19,USD,,1,,,
2020-03-02,BUY,BVMF:PETR4,PETR4,18,28.63,BRL,,1,,,
2020-03-03,SELL,ARCX:VOO,VOO,55,274.31,USD,,1,,,
2020-03-04,BUY,XBOG:ECOPETROL,ECOPETROL,600,1867.85,COP,,1,,,
2020-03-05,BUY,XNAS:MSFT,MSFT,3,404.31,USD,,1,,,
2020-03-06,BUY,XBOG:ISA,ISA,300,18321.48,COP,,1,,,
2020-03-08,BUY,XNAS:GOOGL,GOOGL,16,181.97,USD,,1,,,
2020-03-10,BUY,XNAS:MSFT,MSFT,9,218.99,USD,,1,,,
2020-03-11,BUY,XNAS:AAPL,AAPL,9,105.81,USD,,1,,,
2020-03-13,BUY,BVMF:ITUB4,ITUB4,5,22.52,BRL,,1,,,
2020-03-14,SELL,XNAS:GOOGL,GOOGL,61,143.19,USD,,1,,,
2020-03-16,SELL,XBOG:ECOPETROL,ECOPETROL,4155,2096.17,COP,,1,,,
2020-03-17,SELL,XNAS:MSFT,MSFT,70,199.69,USD,,1,,,
2020-03-18,BUY,XNAS:GOOGL,GOOGL,15,174.05,USD,,1,,,
2020-03-19,BUY,XNYS:KO,KO,16,63.12,USD,,1,,,
2020-03-20,BUY,XNAS:NVDA,NVDA,7,68.63,USD,,1,,,
2020-03-22,BUY,XBOG:PFBCOLOM,PFBCOLOM,1700,32857.34,COP,,1,,,
2020-03-24,SELL,XNAS:AAPL,AAPL,36,124.32,USD,,1,,,
2020-03-25,BUY,XBOG:PFBCOLOM,PFBCOLOM,700,38914.21,COP,,1,,,
2020-03-27,BUY,ARCX:VOO,VOO,7,555.60,USD,,1,,,
2020-03-29,BUY,XNAS:AAPL,AAPL,8,145.55,USD,,1,,,
2020-03-31,SELL,XNAS:GOOGL,GOOGL,49,179.37,USD,,1,,,
2020-04-02,BUY,BVMF:WEGE3,WEGE3,10,25.78,BRL,,1,,,
2020-04-04,DEPOSIT,,,,,COP,20000000,,,,
2020-04-04,DEPOSIT,,,,,USD,5000,,,,
2020-04-04,DEPOSIT,,,,,BRL,20000,,,,
2020-04-05,BUY,XBOG:ECOPETROL,ECOPETROL,500,1702.52,COP,,1,,,
2020-04-06,BUY,XBOG:ECOPETROL,ECOPETROL,1100,1600.04,COP,,1,,,
2020-04-08,BUY,BVMF:ITUB4,ITUB4,17,25.46,BRL,,1,,,
2020-04-09,BUY,XNAS:MSFT,MSFT,20,272.89,USD,,1,,,
2020-04-11,BUY,XNYS:KO,KO,17,46.65,USD,,1,,,
2020-04-13,DIVIDEND,XNAS:GOOGL,GOOGL,,,USD,212.11,,35.26,,
2020-04-15,SELL,XNAS:GOOGL,GOOGL,37,214.75,USD,,1,,,
2020-04-16,BUY,BVMF:ITUB4,ITUB4,3,33.28,BRL,,1,,,
2020-04-18,BUY,BVMF:WEGE3,WEGE3,5,26.02,BRL,,1,,,
2020-04-19,BUY,XNAS:MSFT,MSFT,11,284.96,USD,,1,,,
2020-04-20,BUY,XNAS:GOOGL,GOOGL,4,164.18,USD,,1,,,
2020-04-21,BUY,XNYS:KO,KO,5,61.44,USD,,1,,,
2020-04-22,BUY,BVMF:WEGE3,WEGE3,20,50.66,BRL,,1,,,
2020-04-23,BUY,BVMF:PETR4,PETR4,14,40.82,BRL,,1,,,
2020-04-25,BUY,XBOG:ECOPETROL,ECOPETROL,1500,3168.02,COP,,1,,,
2020-04-26,BUY,XNAS:GOOGL,GOOGL,13,136.95,USD,,1,,,
2020-04-27,BUY,XBOG:PFBCOLOM,PFBCOLOM,1500,32009.64,COP,,1,,,
2020-04-28,SELL,ARCX:VOO,VOO,43,539.60,USD,,1,,,
2020-04-30,BUY,BVMF:WEGE3,WEGE3,11,49.67,BRL,,1,,,
2020-05-01,BUY,BVMF:ITUB4,ITUB4,5,41.43,BRL,,1,,,
2020-05-03,BUY,XNAS:GOOGL,GOOGL,11,160.45,USD,,1,,,
2020-05-05,BUY,XNAS:AAPL,AAPL,8,158.99,USD,,1,,,
2020-05-06,SELL,XBOG:PFBCOLOM,PFBCOLOM,7299,42228.43,COP,,1,,,
2020-05-07,DIVIDEND,XBOG:ISA,ISA,,,COP,117.82,,15.89,,
2020-05-09,DIVIDEND,XBOG:PFBCOLOM,PFBCOLOM,,,COP,190.45,,17.64,,
2020-05-11,BUY,XBOG:ECOPETROL,ECOPETROL,100,3053.54,COP,,1,,,
2020-05-13,SELL,XNAS:NVDA,NVDA,48,135.56,USD,,1,,,
2020-05-14,SELL,XNYS:KO,KO,44,84.25,USD,,1,,,
2020-05-15,SELL,XBOG:PFBCOLOM,PFBCOLOM,5474,29862.60,COP,,1,,,
2020-05-17,BUY,XBOG:PFBCOLOM,PFBCOLOM,500,27714.42,COP,,1,,,
2020-05-19,BUY,XNAS:AAPL,AAPL,12,197.51,USD,,1,,,
2020-05-20,SELL,ARCX:VOO,VOO,32,582.87,USD,,1,,,
2020-05-21,SELL,BVMF:WEGE3,WEGE3,63,63.17,BRL,,1,,,
2020-05-23,BUY,BVMF:ITUB4,ITUB4,7,35.51,BRL,,1,,,
2020-05-25,BUY,XNAS:MSFT,MSFT,4,258.51,USD,,1,,,
2020-05-26,DIVIDEND,XNAS:AAPL,AAPL,,,USD,117.41,,3.53,,
2020-05-27,BUY,XNAS:AAPL,AAPL,7,193.19,USD,,1,,,
2020-05-29,DEPOSIT,,,,,COP,20000000,,,,
2020-05-29,DEPOSIT,,,,,USD,5000,,,,
2020-05-29,DEPOSIT,,,,,BRL,20000,,,,
2020-05-31,DIVIDEND,XBOG:PFBCOLOM,PFBCOLOM,,,COP,321.12,,44.35,,
2020-06-02,BUY,XBOG:ISA,ISA,1000,21442.62,COP,,1,,,
2020-06-04,BUY,XNAS:MSFT,MSFT,20,321.00,USD,,1,,,
2020-06-05,BUY,BVMF:PETR4,PETR4,1,45.65,BRL,,1,,,
2020-06-06,BUY,XBOG:ISA,ISA,1800,16031.23,COP,,1,,,
2020-06-07,BUY,XNAS:NVDA,NVDA,2,96.92,USD,,1,,,
2020-06-09,BUY,ARCX:VOO,VOO,14,559.59,USD,,1,,,
2020-06-10,BUY,BVMF:WEGE3,WEGE3,12,27.25,BRL,,1,,,
2020-06-11,BUY,XNAS:GOOGL,GOOGL,14,101.67,USD,,1,,,
2020-06-12,DIVIDEND,XBOG:ECOPETROL,ECOPETROL,,,COP,166.99,,49.58,,
2020-06-13,BUY,BVMF:WEGE3,WEGE3,1,45.39,BRL,,1,,,
2020-06-14,BUY,BVMF:PETR4,PETR4,18,46.20,BRL,,1,,,
2020-06-15,BUY,XNYS:KO,KO,18,78.19,USD,,1,,,
2020-06-16,DIVIDEND,XBOG:ISA,ISA,,,COP,31.44,,2.77,,
2020-06-17,DIVIDEND,XNAS:GOOGL,GOOGL,,,USD,450.72,,47.75,,
2020-06-19,DIVIDEND,BVMF:WEGE3,WEGE3,,,BRL,110.62,,7.66,,
2020-06-21,SELL,BVMF:PETR4,PETR4,32,25.77,BRL,,1,,,
2020-06-23,BUY,XBOG:ECOPETROL,ECOPETROL,1400,1778.24,COP,,1,,,
2020-06-25,BUY,XNAS:AAPL,AAPL,11,198.39,USD,,1,,,
2020-06-26,SELL,XBOG:ECOPETROL,ECOPETROL,4266,2618.70,COP,,1,,,
2020-06-27,BUY,ARCX:VOO,VOO,8,432.93,USD,,1,,,
2020-06-28,DIVIDEND,XNAS:GOOGL,GOOGL,,,USD,361.79,,37.46,,
2020-06-29,BUY,BVMF:PETR4,PETR4,17,22.47,BRL,,1,,,
2020-06-30,BUY,XNAS:MSFT,MSFT,3,395.44,USD,,1,,,
2020-07-02,BUY,BVMF:ITUB4,ITUB4,6,33.33,BRL,,1,,,
2020-07-04,BUY,XNAS:GOOGL,GOOGL,8,195.61,USD,,1,,,
2020-07-05,BUY,BVMF:PETR4,PETR4,12,38.31,BRL,,1,,,
2020-07-07,BUY,XNYS:KO,KO,7,57.39,USD,,1,,,
2020-07-08,BUY,XBOG:ISA,ISA,400,18065.68,COP,,1,,,
2020-07-09,BUY,BVMF:ITUB4,ITUB4,19,29.67,BRL,,1,,,
2020-07-11,BUY,XBOG:ECOPETROL,ECOPETROL,1600,2469.22,COP,,1,,,
2020-07-12,BUY,XBOG:ECOPETROL,ECOPETROL,300,2027.27,COP,,1,,,
2020-07-14,DIVIDEND,BVMF:PETR4,PETR4,,,BRL,54.72,,36.70,,
2020-07-16,BUY,XNAS:GOOGL,GOOGL,13,156.30,USD,,1,,,
2020-07-18,DIVIDEND,XNAS:NVDA,NVDA,,,USD,276.22,,2.08,,
2020-07-20,BUY,XNYS:KO,KO,13,81.70,USD,,1,,,
2020-07-22,BUY,XNYS:KO,KO,1,81.57,USD,,1,,,
2020-07-23,DEPOSIT,,,,,COP,20000000,,,,
2020-07-23,DEPOSIT,,,,,USD,5000,,,,
2020-07-23,DEPOSIT,,,,,BRL,20000,,,,
2020-07-25,SELL,XNAS:NVDA,NVDA,37,117.14,USD,,1,,,
2020-07-26,BUY,ARCX:VOO,VOO,18,416.61,USD,,1,,,
2020-07-27,BUY,ARCX:VOO,VOO,1,437.24,USD,,1,,,
2020-07-29,BUY,XBOG:PFBCOLOM,PFBCOLOM,1200,35601.11,COP,,1,,,
2020-07-30,BUY,BVMF:WEGE3,WEGE3,11,44.45,BRL,,1,,,
2020-08-01,BUY,XBOG:PFBCOLOM,PFBCOLOM,1300,38072.07,COP,,1,,,
2020-08-03,BUY,BVMF:PETR4,PETR4,3,31.16,BRL,,1,,,
2020-08-04,BUY,XBOG:ISA,ISA,1000,22628.85,COP,,1,,,
2020-08-05,DIVIDEND,BVMF:PETR4,PETR4,,,BRL,15.77,,9.66,,
2020-08-06,SELL,ARCX:VOO,VOO,34,298.76,USD,,1,,,
2020-08-07,BUY,BVMF:PETR4,PETR4,9,24.42,BRL,,1,,,
2020-08-08,DIVIDEND,BVMF:WEGE3,WEGE3,,,BRL,277.66,,48.68,,
2020-08-09,BUY,XBOG:ECOPETROL,ECOPETROL,200,2756.41,COP,,1,,,
2020-08-11,BUY,XNYS:KO,KO,6,64.66,USD,,1,,,
2020-08-13,BUY,XNAS:AAPL,AAPL,6,104.91,USD,,1,,,
2020-08-14,BUY,XNAS:GOOGL,GOOGL,6,96.58,USD,,1,,,
2020-08-15,BUY,XBOG:ECOPETROL,ECOPETROL,2000,2038.57,COP,,1,,,
2020-08-16,BUY,BVMF:PETR4,PETR4,11,31.95,BRL,,1,,,
2020-08-18,BUY,BVMF:ITUB4,ITUB4,1,41.88,BRL,,1,,,
2020-08-19,BUY,ARCX:VOO,VOO,12,440.33,USD,,1,,,
2020-08-20,BUY,XNAS:NVDA,NVDA,2,122.65,USD,,1,,,
2020-08-21,BUY,XNAS:AAPL,AAPL,20,166.00,USD,,1,,,
2020-08-23,BUY,ARCX:VOO,VOO,2,532.75,USD,,1,,,
2020-08-24,BUY,XNAS:GOOGL,GOOGL,13,101.54,USD,,1,,,
2020-08-25,BUY,XNAS:GOOGL,GOOGL,17,189.13,USD,,1,,,
2020-08-27,BUY,XNYS:KO,KO,7,63.35,USD,,1,,,
2020-08-29,BUY,BVMF:ITUB4,ITUB4,19,40.29,BRL,,1,,,
2020-08-30,BUY,BVMF:PETR4,PETR4,7,28.53,BRL,,1,,,
2020-08-31,SELL,XNAS:NVDA,NVDA,28,142.12,USD,,1,,,
2020-09-02,BUY,BVMF:WEGE3,WEGE3,9,49.63,BRL,,1,,,
2020-09-04,BUY,BVMF:WEGE3,WEGE3,16,54.47,BRL,,1,,,
2020-09-05,BUY,XNAS:AAPL,AAPL,5,141.37,USD,,1,,,
2020-09-06,BUY,XBOG:PFBCOLOM,PFBCOLOM,1900,35212.82,COP,,1,,,
2020-09-07,BUY,ARCX:VOO,VOO,4,360.46,USD,,1,,,
2020-09-08,BUY,BVMF:PETR4,PETR4,15,45.71,BRL,,1,,,
2020-09-10,BUY,BVMF:ITUB4,ITUB4,12,20.34,BRL,,1,,,
2020-09-12,SELL,XBOG:PFBCOLOM,PFBCOLOM,5331,28507.59,COP,,1,,,
2020-09-14,DEPOSIT,,,,,COP,20000000,,,,
2020-09-14,DEPOSIT,,,,,USD,5000,,,,
2020-09-14,DEPOSIT,,,,,BRL,20000,,,,
2020-09-16,BUY,BVMF:WEGE3,WEGE3,17,55.93,BRL,,1,,,
2020-09-18,SELL,XNAS:GOOGL,GOOGL,53,197.19,USD,,1,,,
2020-09-20,BUY,XBOG:ISA,ISA,1300,20641.36,COP,,1,,,
2020-09-22,DIVIDEND,XNAS:AAPL,AAPL,,,USD,375.81,,7.24,,
2020-09-24,BUY,BVMF:WEGE3,WEGE3,5,35.25,BRL,,1,,,
2020-09-26,DIVIDEND,XBOG:PFBCOLOM,PFBCOLOM,,,COP,408.39,,1.66,,
2020-09-28,BUY,XNAS:MSFT,MSFT,2,231.70,USD,,1,,,
2020-09-30,DIVIDEND,XNAS:MSFT,MSFT,,,USD,365.92,,17.16,,
2020-10-01,DIVIDEND,XNYS:KO,KO,,,USD,408.27,,6.00,,
2020-10-02,SELL,XBOG:PFBCOLOM,PFBCOLOM,3998,32771.98,COP,,1,,,
2020-10-03,DIVIDEND,XBOG:ECOPETROL,ECOPETROL,,,COP,239.58,,39.29,,
2020-10-05,BUY,XNAS:AAPL,AAPL,8,109.33,USD,,1,,,
2020-10-07,DIVIDEND,XNAS:MSFT,MSFT,,,USD,317.25,,26.65,,
2020-10-09,BUY,BVMF:PETR4,PETR4,16,43.56,BRL,,1,,,
2020-10-10,SELL,XBOG:ECOPETROL,ECOPETROL,4225,2880.94,COP,,1,,,
2020-10-12,SELL,XBOG:ECOPETROL,ECOPETROL,3168,3503.43,COP,,1,,,
2020-10-13,BUY,XNAS:MSFT,MSFT,18,256.38,USD,,1,,,
2020-10-14,DIVIDEND,BVMF:ITUB4,ITUB4,,,BRL,237.44,,46.66,,
2020-10-16,BUY,BVMF:ITUB4,ITUB4,19,25.88,BRL,,1,,,
2020-10-18,DIVIDEND,XBOG:ISA,ISA,,,COP,192.95,,5.61,,
2020-10-19,BUY,XBOG:PFBCOLOM,PFBCOLOM,1100,31781.03,COP,,1,,,
2020-10-20,BUY,XNAS:AAPL,AAPL,11,114.55,USD,,1,,,
2020-10-21,DIVIDEND,BVMF:ITUB4,ITUB4,,,BRL,316.59,,28.15,,
2020-10-23,BUY,XNYS:KO,KO,7,62.08,USD,,1,,,
2020-10-24,BUY,XNAS:NVDA,NVDA,7,84.02,USD,,1,,,
2020-10-25,SELL,XNAS:NVDA,NVDA,23,66.44,USD,,1,,,
2020-10-26,BUY,XNAS:MSFT,MSFT,7,303.58,USD,,1,,,
2020-10-27,SELL,XBOG:ECOPETROL,ECOPETROL,2376,2918.85,COP,,1,,,
2020-10-29,DIVIDEND,XBOG:ECOPETROL,ECOPETROL,,,COP,340.72,,35.66,,
2020-10-30,BUY,BVMF:PETR4,PETR4,3,48.13,BRL,,1,,,
2020-11-01,DIVIDEND,XNAS:GOOGL,GOOGL,,,USD,9.38,,20.79,,
2020-11-02,BUY,XBOG:ECOPETROL,ECOPETROL,600,3047.34,COP,,1,,,
2020-11-03,BUY,XNAS:MSFT,MSFT,9,320.51,USD,,1,,,
2020-11-05,BUY,BVMF:PETR4,PETR4,13,48.79,BRL,,1,,,
2020-11-06,BUY,XNAS:GOOGL,GOOGL,14,96.38,USD,,1,,,
2020-11-08,BUY,BVMF:PETR4,PETR4,12,45.38,BRL,,1,,,
2020-11-09,DIVIDEND,XNAS:AAPL,AAPL,,,USD,496.82,,31.16,,
2020-11-11,DEPOSIT,,,,,COP,20000000,,,,
2020-11-11,DEPOSIT,,,,,USD,5000,,,,
2020-11-11,DEPOSIT,,,,,BRL,20000,,,,
2020-11-13,BUY,XBOG:ISA,ISA,1200,14473.00,COP,,1,,,
2020-11-14,BUY,ARCX:VOO,VOO,5,275.33,USD,,1,,,
2020-11-15,BUY,BVMF:WEGE3,WEGE3,19,42.38,BRL,,1,,,
2020-11-17,BUY,BVMF:WEGE3,WEGE3,1,47.28,BRL,,1,,,
2020-11-18,BUY,XBOG:ECOPETROL,ECOPETROL,100,1825.12,COP,,1,,,
2020-11-20,BUY,XNAS:MSFT,MSFT,16,321.35,USD,,1,,,
2020-11-22,BUY,XNAS:AAPL,AAPL,8,207.06,USD,,1,,,
2020-11-23,BUY,BVMF:WEGE3,WEGE3,8,53.56,BRL,,1,,,
2020-11-24,BUY,XBOG:PFBCOLOM,PFBCOLOM,300,42671.46,COP,,1,,,
2020-11-25,BUY,XNAS:MSFT,MSFT,14,361.08,USD,,1,,,
2020-11-26,BUY,BVMF:ITUB4,ITUB4,8,34.47,BRL,,1,,,
2020-11-27,BUY,XBOG:ISA,ISA,400,20969.33,COP,,1,,,
2020-11-29,DIVIDEND,XNAS:NVDA,NVDA,,,USD,27.48,,6.12,,
2020-11-30,SELL,XNAS:AAPL,AAPL,53,132.74,USD,,1,,,
2020-12-01,BUY,XNAS:MSFT,MSFT,17,358.20,USD,,1,,,
2020-12-02,BUY,ARCX:VOO,VOO,8,454.27,USD,,1,,,
2020-12-04,BUY,BVMF:ITUB4,ITUB4,3,23.76,BRL,,1,,,
2020-12-06,BUY,XBOG:ECOPETROL,ECOPETROL,1300,1565.79,COP,,1,,,
2020-12-08,BUY,XNYS:KO,KO,10,83.70,USD,,1,,,
2020-12-10,BUY,XNYS:KO,KO,11,46.68,USD,,1,,,
2020-12-12,BUY,BVMF:PETR4,PETR4,3,25.36,BRL,,1,,,
2020-12-13,BUY,XBOG:ECOPETROL,ECOPETROL,900,3072.71,COP,,1,,,
2020-12-14,BUY,XNYS:KO,KO,16,48.14,USD,,1,,,
2020-12-15,BUY,BVMF:ITUB4,ITUB4,19,37.41,BRL,,1,,,
2020-12-17,BUY,XNAS:NVDA,NVDA,16,70.15,USD,,1,,,
2020-12-18,BUY,ARCX:VOO,VOO,1,463.19,USD,,1,,,
2020-12-19,SELL,XNAS:MSFT,MSFT,88,213.87,USD,,1,,,
2020-12-21,BUY,XBOG:ECOPETROL,ECOPETROL,1900,3125.10,COP,,1,,,
2020-12-23,BUY,XNAS:GOOGL,GOOGL,12,129.54,USD,,1,,,
2020-12-25,BUY,BVMF:ITUB4,ITUB4,15,22.31,BRL,,1,,,
2020-12-26,BUY,XNAS:GOOGL,GOOGL,14,180.85,USD,,1,,,
2020-12-27,BUY,XBOG:PFBCOLOM,PFBCOLOM,400,24225.74,COP,,1,,,
2020-12-29,BUY,XBOG:ECOPETROL,ECOPETROL,100,1661.53,COP,,1,,,
2020-12-31,BUY,XBOG:PFBCOLOM,PFBCOLOM,1900,29912.77,COP,,1,,,
2021-01-02,DIVIDEND,XNYS:KO,KO,,,USD,393.60,,41.97,,
2021-01-03,BUY,XBOG:ECOPETROL,ECOPETROL,1600,2718.50,COP,,1,,,
2021-01-04,BUY,BVMF:WEGE3,WEGE3,18,42.82,BRL,,1,,,
2021-01-05,DEPOSIT,,,,,COP,20000000,,,,
2021-01-05,DEPOSIT,,,,,USD,5000,,,,
2021-01-05,DEPOSIT,,,,,BRL,20000,,,,
2021-01-06,BUY,BVMF:PETR4,PETR4,14,39.60,BRL,,1,,,
2021-01-07,BUY,XBOG:PFBCOLOM,PFBCOLOM,900,24329.25,COP,,1,,,
2021-01-09,SELL,BVMF:WEGE3,WEGE3,77,43.05,BRL,,1,,,
2021-01-11,BUY,XBOG:PFBCOLOM,PFBCOLOM,1300,44240.54,COP,,1,,,
2021-01-12,SELL,BVMF:ITUB4,ITUB4,108,27.62,BRL,,1,,,
2021-01-13,SELL,XBOG:ISA,ISA,5886,23566.52,COP,,1,,,
2021-01-15,BUY,XBOG:ISA,ISA,700,22694.88,COP,,1,,,
2021-01-17,BUY,XNYS:KO,KO,9,66.49,USD,,1,,,
2021-01-18,BUY,XNAS:AAPL,AAPL,11,133.27,USD,,1,,,
2021-01-19,BUY,XNAS:NVDA,NVDA,17,131.20,USD,,1,,,
2021-01-21,SELL,XBOG:ECOPETROL,ECOPETROL,3407,2162.92,COP,,1,,,
2021-01-23,BUY,XNAS:GOOGL,GOOGL,6,138.62,USD,,1,,,
2021-01-25,BUY,BVMF:ITUB4,ITUB4,2,35.09,BRL,,1,,,
2021-01-27,SELL,BVMF:ITUB4,ITUB4,81,26.66,BRL,,1,,,
2021-01-28,BUY,XNYS:KO,KO,6,70.21,USD,,1,,,
2021-01-30,BUY,XNYS:KO,KO,8,51.91,USD,,1,,,
2021-01-31,DIVIDEND,BVMF:PETR4,PETR4,,,BRL,214.90,,7.62,,
2021-02-02,BUY,XNAS:MSFT,MSFT,9,285.49,USD,,1,,,
2021-02-04,DIVIDEND,XBOG:PFBCOLOM,PFBCOLOM,,,COP,493.47,,19.60,,
2021-02-05,BUY,XNAS:AAPL,AAPL,12,103.69,USD,,1,,,
2021-02-07,BUY,XNYS:KO,KO,2,65.98,USD,,1,,,
2021-02-08,BUY,XNAS:NVDA,NVDA,19,108.88,USD,,1,,,
2021-02-10,BUY,XNAS:GOOGL,GOOGL,8,110.13,USD,,1,,,
2021-02-12,BUY,XNAS:NVDA,NVDA,11,101.28,USD,,1,,,
2021-02-13,BUY,XNAS:MSFT,MSFT,8,231.07,USD,,1,,,
2021-02-15,DIVIDEND,XBOG:ISA,ISA,,,COP,12.62,,11.41,,
2021-02-17,DIVIDEND,XBOG:ECOPETROL,ECOPETROL,,,COP,328.67,,21.12,,
2021-02-19,BUY,BVMF:PETR4,PETR4,2,35.55,BRL,,1,,,
2021-02-21,BUY,XNAS:GOOGL,GOOGL,16,136.39,USD,,1,,,
2021-02-22,BUY,BVMF:PETR4,PETR4,15,27.38,BRL,,1,,,
2021-02-23,SELL,BVMF:ITUB4,ITUB4,61,34.45,BRL,,1,,,
2021-02-25,BUY,XNAS:MSFT,MSFT,9,362.10,USD,,1,,,
2021-02-27,DIVIDEND,XNAS:MSFT,MSFT,,,USD,158.78,,43.56,,
2021-02-28,BUY,XNAS:MSFT,MSFT,6,268.54,USD,,1,,,
2021-03-02,BUY,BVMF:ITUB4,ITUB4,10,40.06,BRL,,1,,,
2021-03-04,BUY,XNAS:GOOGL,GOOGL,6,95.22,USD,,1,,,
2021-03-06,BUY,XBOG:PFBCOLOM,PFBCOLOM,1800,26866.48,COP,,1,,,
2021-03-08,DEPOSIT,,,,,COP,20000000,,,,
2021-03-08,DEPOSIT,,,,,USD,5000,,,,
2021-03-08,DEPOSIT,,,,,BRL,20000,,,,
2021-03-10,BUY,BVMF:WEGE3,WEGE3,19,32.77,BRL,,1,,,
2021-03-11,BUY,XNAS:GOOGL,GOOGL,12,178.46,USD,,1,,,
2021-03-13,BUY,BVMF:WEGE3,WEGE3,11,28.40,BRL,,1,,,
2021-03-14,BUY,BVMF:PETR4,PETR4,1,47.79,BRL,,1,,,
2021-03-16,BUY,XNAS:AAPL,AAPL,6,209.81,USD,,1,,,
2021-03-17,BUY,BVMF:ITUB4,ITUB4,12,27.74,BRL,,1,,,
2021-03-18,BUY,XNAS:GOOGL,GOOGL,15,102.43,USD,,1,,,
2021-03-20,SELL,XNAS:AAPL,AAPL,47,94.31,USD,,1,,,
2021-03-21,DIVIDEND,XBOG:ISA,ISA,,,COP,342.75,,33.78,,
2021-03-23,BUY,XBOG:ECOPETROL,ECOPETROL,1800,1698.30,COP,,1,,,
2021-03-24,BUY,XBOG:PFBCOLOM,PFBCOLOM,1700,24812.53,COP,,1,,,
2021-03-25,BUY,XBOG:ISA,ISA,1000,18729.36,COP,,1,,,
2021-03-26,SELL,XNAS:GOOGL,GOOGL,65,170.32,USD,,1,,,
2021-03-27,BUY,XBOG:PFBCOLOM,PFBCOLOM,700,36293.25,COP,,1,,,
2021-03-28,BUY,XNAS:GOOGL,GOOGL,11,147.47,USD,,1,,,
2021-03-30,BUY,BVMF:WEGE3,WEGE3,6,50.31,BRL,,1,,,
2021-03-31,BUY,XNAS:NVDA,NVDA,2,107.35,USD,,1,,,
2021-04-01,BUY,XNAS:MSFT,MSFT,6,397.37,USD,,1,,,
2021-04-02,BUY,XBOG:ECOPETROL,ECOPETROL,1500,1539.95,COP,,1,,,
2021-04-04,BUY,ARCX:VOO,VOO,7,340.49,USD,,1,,,
2021-04-06,BUY,ARCX:VOO,VOO,11,359.27,USD,,1,,,
2021-04-07,BUY,XNAS:GOOGL,GOOGL,4,89.67,USD,,1,,,
2021-04-09,BUY,XBOG:PFBCOLOM,PFBCOLOM,300,45361.86,COP,,1,,,
2021-04-11,BUY,XBOG:PFBCOLOM,PFBCOLOM,1800,46941.92,COP,,1,,,
2021-04-12,SELL,XBOG:ECOPETROL,ECOPETROL,3381,2088.16,COP,,1,,,
2021-04-14,BUY,ARCX:VOO,VOO,13,463.78,USD,,1,,,
2021-04-16,BUY,BVMF:ITUB4,ITUB4,7,40.55,BRL,,1,,,
2021-04-17,BUY,XNAS:GOOGL,GOOGL,17,111.75,USD,,1,,,
2021-04-19,BUY,XBOG:ECOPETROL,ECOPETROL,400,1779.78,COP,,1,,,
2021-04-21,BUY,XBOG:ISA,ISA,1700,17779.93,COP,,1,,,
2021-04-23,BUY,ARCX:VOO,VOO,12,398.80,USD,,1,,,
2021-04-25,BUY,ARCX:VOO,VOO,14,533.93,USD,,1,,,
2021-04-27,DIVIDEND,XBOG:ECOPETROL,ECOPETROL,,,COP,394.56,,9.89,,
2021-04-28,BUY,XNAS:MSFT,MSFT,9,246.23,USD,,1,,,
2021-04-29,BUY,BVMF:PETR4,PETR4,19,37.20,BRL,,1,,,
2021-04-30,BUY,XNAS:AAPL,AAPL,10,120.47,USD,,1,,,
2021-05-01,BUY,XNAS:NVDA,NVDA,19,110.08,USD,,1,,,
2021-05-02,DEPOSIT,,,,,COP,20000000,,,,
2021-05-02,DEPOSIT,,,,,USD,5000,,,,
2021-05-02,DEPOSIT,,,,,BRL,20000,,,,
2021-05-03,BUY,XNAS:MSFT,MSFT,14,375.64,USD,,1,,,
2021-05-05,SELL,XNAS:GOOGL,GOOGL,57,217.39,USD,,1,,,
2021-05-06,SELL,ARCX:VOO,VOO,48,404.78,USD,,1,,,
2021-05-07,BUY,XNYS:KO,KO,14,54.62,USD,,1,,,
2021-05-08,BUY,XNAS:GOOGL,GOOGL,19,178.17,USD,,1,,,
2021-05-09,BUY,BVMF:WEGE3,WEGE3,7,38.07,BRL,,1,,,
2021-05-11,SELL,XNAS:AAPL,AAPL,37,237.05,USD,,1,,,
2021-05-12,BUY,XNYS:KO,KO,19,40.89,USD,,1,,,
2021-05-14,BUY,XBOG:PFBCOLOM,PFBCOLOM,2000,27391.32,COP,,1,,,
2021-05-15,BUY,XBOG:ISA,ISA,400,17711.14,COP,,1,,,
2021-05-16,DIVIDEND,ARCX:VOO,VOO,,,USD,347.18,,7.67,,
2021-05-17,BUY,XNAS:NVDA,NVDA,2,75.79,USD,,1,,,
2021-05-18,BUY,XBOG:PFBCOLOM,PFBCOLOM,300,28360.94,COP,,1,,,
2021-05-19,BUY,XBOG:PFBCOLOM,PFBCOLOM,1500,27248.93,COP,,1,,,
2021-05-20,SELL,XNAS:GOOGL,GOOGL,47,141.90,USD,,1,,,
2021-05-21,DIVIDEND,XNAS:MSFT,MSFT,,,USD,168.00,,5.41,,
2021-05-23,SELL,XBOG:ECOPETROL,ECOPETROL,2635,1860.73,COP,,1,,,
2021-05-24,BUY,BVMF:PETR4,PETR4,14,39.24,BRL,,1,,,
2021-05-26,BUY,BVMF:PETR4,PETR4,3,38.32,BRL,,1,,,
2021-05-28,BUY,XNAS:NVDA,NVDA,17,126.47,USD,,1,,,
2021-05-30,BUY,BVMF:PETR4,PETR4,14,26.91,BRL,,1,,,
2021-05-31,BUY,BVMF:ITUB4,ITUB4,19,39.66,BRL,,1,,,
2021-06-01,BUY,XBOG:ISA,ISA,1400,24886.78,COP,,1,,,
2021-06-02,BUY,BVMF:ITUB4,ITUB4,6,38.23,BRL,,1,,,
2021-06-04,SELL,XBOG:PFBCOLOM,PFBCOLOM,6999,36191.13,COP,,1,,,
2021-06-05,BUY,BVMF:PETR4,PETR4,1,39.42,BRL,,1,,,
2021-06-06,BUY,XNAS:GOOGL,GOOGL,11,142.22,USD,,1,,,
2021-06-07,BUY,ARCX:VOO,VOO,2,454.51,USD,,1,,,
2021-06-09,BUY,XBOG:PFBCOLOM,PFBCOLOM,1000,43274.08,COP,,1,,,
2021-06-10,BUY,XNAS:GOOGL,GOOGL,3,195.50,USD,,1,,,
2021-06-12,BUY,XNAS:GOOGL,GOOGL,12,162.94,USD,,1,,,
2021-06-14,BUY,XNAS:GOOGL,GOOGL,14,184.26,USD,,1,,,
2021-06-15,BUY,XBOG:PFBCOLOM,PFBCOLOM,1600,48082.78,COP,,1,,,
2021-06-17,BUY,XBOG:ECOPETROL,ECOPETROL,1300,3162.60,COP,,1,,,
2021-06-19,BUY,XNAS:GOOGL,GOOGL,13,128.04,USD,,1,,,
2021-06-21,SELL,XNAS:NVDA,NVDA,43,64.22,USD,,1,,,
2021-06-23,BUY,XBOG:ECOPETROL,ECOPETROL,500,2190.48,COP,,1,,,
2021-06-25,DEPOSIT,,,,,COP,20000000,,,,
2021-06-25,DEPOSIT,,,,,USD,5000,,,,
2021-06-25,DEPOSIT,,,,,BRL,20000,,,,
2021-06-26,BUY,XBOG:PFBCOLOM,PFBCOLOM,800,24438.41,COP,,1,,,
2021-06-27,BUY,XNAS:AAPL,AAPL,20,143.32,USD,,1,,,
2021-06-29,DIVIDEND,BVMF:ITUB4,ITUB4,,,BRL,356.62,,3.15,,
2021-06-30,BUY,BVMF:WEGE3,WEGE3,1,49.94,BRL,,1,,,
2021-07-02,BUY,BVMF:ITUB4,ITUB4,3,18.38,BRL,,1,,,
2021-07-03,BUY,XNYS:KO,KO,3,75.13,USD,,1,,,
2021-07-04,BUY,XNAS:MSFT,MSFT,5,249.51,USD,,1,,,
2021-07-06,BUY,XNAS:NVDA,NVDA,8,85.02,USD,,1,,,
2021-07-07,BUY,XNAS:MSFT,MSFT,18,406.69,USD,,1,,,
2021-07-09,BUY,XNAS:AAPL,AAPL,4,102.05,USD,,1,,,
2021-07-10,BUY,XBOG:ECOPETROL,ECOPETROL,1900,2922.51,COP,,1,,,
2021-07-12,BUY,XBOG:PFBCOLOM,PFBCOLOM,600,37084.05,COP,,1,,,
2021-07-13,BUY,XNAS:NVDA,NVDA,11,83.93,USD,,1,,,
2021-07-15,BUY,BVMF:WEGE3,WEGE3,3,27.01,BRL,,1,,,
2021-07-17,BUY,XBOG:ISA,ISA,400,15359.19,COP,,1,,,
2021-07-19,SELL,XBOG:ISA,ISA,5814,15253.82,COP,,1,,,
2021-07-21,BUY,XNAS:NVDA,NVDA,8,139.22,USD,,1,,,
2021-07-23,BUY,XNAS:NVDA,NVDA,7,70.79,USD,,1,,,
2021-07-24,SELL,BVMF:WEGE3,WEGE3,69,24.61,BRL,,1,,,
2021-07-26,DIVIDEND,ARCX:VOO,VOO,,,USD,183.38,,34.49,,
2021-07-27,BUY,ARCX:VOO,VOO,4,336.12,USD,,1,,,
2021-07-28,BUY,XNYS:KO,KO,17,68.99,USD,,1,,,
2021-07-29,DIVIDEND,BVMF:PETR4,PETR4,,,BRL,198.56,,21.24,,
2021-07-31,BUY,BVMF:WEGE3,WEGE3,10,36.88,BRL,,1,,,
2021-08-02,BUY,XBOG:ECOPETROL,ECOPETROL,1300,3126.95,COP,,1,,,
2021-08-04,DIVIDEND,BVMF:ITUB4,ITUB4,,,BRL,23.13,,4.08,,
2021-08-05,SELL,ARCX:VOO,VOO,38,573.35,USD,,1,,,
2021-08-07,DIVIDEND,BVMF:ITUB4,ITUB4,,,BRL,240.28,,15.62,,
2021-08-09,DIVIDEND,ARCX:VOO,VOO,,,USD,423.10,,33.47,,
2021-08-10,BUY,XNAS:NVDA,NVDA,17,76.96,USD,,1,,,
2021-08-12,DIVIDEND,BVMF:WEGE3,WEGE3,,,BRL,81.62,,35.85,,
2021-08-13,DIVIDEND,XBOG:ISA,ISA,,,COP,485.31,,14.43,,
2021-08-14,BUY,BVMF:PETR4,PETR4,1,47.58,BRL,,1,,,
2021-08-15,BUY,XNAS:AAPL,AAPL,15,193.38,USD,,1,,,
2021-08-17,SELL,XNAS:MSFT,MSFT,87,468.11,USD,,1,,,
2021-08-18,BUY,XBOG:ECOPETROL,ECOPETROL,100,2472.13,COP,,1,,,
2021-08-20,SELL,XNAS:NVDA,NVDA,45,126.68,USD,,1,,,
2021-08-21,DEPOSIT,,,,,COP,20000000,,,,
2021-08-21,DEPOSIT,,,,,USD,5000,,,,
2021-08-21,DEPOSIT,,,,,BRL,20000,,,,
2021-08-23,BUY,XNAS:AAPL,AAPL,12,158.87,USD,,1,,,
2021-08-24,DIVIDEND,XNAS:MSFT,MSFT,,,USD,383.48,,29.54,,
2021-08-26,BUY,BVMF:PETR4,PETR4,5,46.06,BRL,,1,,,
2021-08-28,BUY,BVMF:PETR4,PETR4,6,26.36,BRL,,1,,,
2021-08-30,BUY,XBOG:ECOPETROL,ECOPETROL,1000,2422.83,COP,,1,,,
2021-09-01,BUY,BVMF:WEGE3,WEGE3,12,40.22,BRL,,1,,,
2021-09-02,BUY,XNAS:GOOGL,GOOGL,9,158.20,USD,,1,,,
2021-09-04,SELL,BVMF:ITUB4,ITUB4,60,31.48,BRL,,1,,,
2021-09-06,SELL,XBOG:ISA,ISA,4361,27359.46,COP,,1,,,
2021-09-07,SELL,XBOG:ECOPETROL,ECOPETROL,3502,3088.68,COP,,1,,,
2021-09-08,BUY,XBOG:ECOPETROL,ECOPETROL,1600,2608.12,COP,,1,,,
2021-09-09,DIVIDEND,XNAS:GOOGL,GOOGL,,,USD,225.58,,39.66,,
2021-09-10,SELL,XNAS:AAPL,AAPL,41,116.17,USD,,1,,,
2021-09-11,BUY,XNAS:AAPL,AAPL,1,196.05,USD,,1,,,
2021-09-13,BUY,XNAS:MSFT,MSFT,14,235.68,USD,,1,,,
2021-09-14,SELL,XNAS:NVDA,NVDA,34,101.09,USD,,1,,,
2021-09-16,BUY,BVMF:ITUB4,ITUB4,14,27.48,BRL,,1,,,
2021-09-17,BUY,XNAS:NVDA,NVDA,14,76.21,USD,,1,,,
2021-09-19,DIVIDEND,XNAS:AAPL,AAPL,,,USD,51.42,,2.77,,
2021-09-21,DIVIDEND,BVMF:ITUB4,ITUB4,,,BRL,350.37,,48.31,,
2021-09-22,BUY,XNAS:NVDA,NVDA,11,61.00,USD,,1,,,
2021-09-24,BUY,BVMF:PETR4,PETR4,20,47.84,BRL,,1,,,
2021-09-26,BUY,BVMF:PETR4,PETR4,4,34.78,BRL,,1,,,
2021-09-28,BUY,BVMF:ITUB4,ITUB4,14,37.21,BRL,,1,,,
2021-09-29,BUY,XNAS:NVDA,NVDA,16,129.68,USD,,1,,,
2021-10-01,BUY,BVMF:PETR4,PETR4,20,28.74,BRL,,1,,,
2021-10-02,SELL,XBOG:ECOPETROL,ECOPETROL,3026,2188.15,COP,,1,,,
2021-10-04,BUY,XBOG:PFBCOLOM,PFBCOLOM,2000,38262.47,COP,,1,,,
2021-10-06,BUY,XBOG:ECOPETROL,ECOPETROL,1900,2115.10,COP,,1,,,
2021-10-07,BUY,BVMF:WEGE3,WEGE3,19,55.00,BRL,,1,,,
2021-10-09,BUY,BVMF:WEGE3,WEGE3,2,46.56,BRL,,1,,,
2021-10-10,BUY,XNAS:GOOGL,GOOGL,2,169.70,USD,,1,,,
2021-10-11,BUY,XNYS:KO,KO,6,74.42,USD,,1,,,
2021-10-12,SELL,XBOG:ECOPETROL,ECOPETROL,2745,3094.96,COP,,1,,,
2021-10-14,BUY,ARCX:VOO,VOO,4,319.10,USD,,1,,,
2021-10-16,DIVIDEND,ARCX:VOO,VOO,,,USD,402.69,,8.75,,
2021-10-18,DIVIDEND,XNAS:AAPL,AAPL,,,USD,266.30,,39.80,,
2021-10-19,DEPOSIT,,,,,COP,20000000,,,,
2021-10-19,DEPOSIT,,,,,USD,5000,,,,
2021-10-19,DEPOSIT,,,,,BRL,20000,,,,
2021-10-20,SELL,XNAS:AAPL,AAPL,31,149.58,USD,,1,,,
2021-10-21,BUY,XNAS:MSFT,MSFT,5,271.14,USD,,1,,,
2021-10-23,BUY,XNAS:AAPL,AAPL,19,195.38,USD,,1,,,
2021-10-25,BUY,ARCX:VOO,VOO,16,502.54,USD,,1,,,
2021-10-26,BUY,ARCX:VOO,VOO,10,313.32,USD,,1,,,
2021-10-27,BUY,XBOG:PFBCOLOM,PFBCOLOM,400,46153.46,COP,,1,,,
2021-10-28,SELL,XNYS:KO,KO,78,67.30,USD,,1,,,
2021-10-30,DIVIDEND,ARCX:VOO,VOO,,,USD,460.88,,15.68,,
2021-11-01,BUY,XNYS:KO,KO,19,57.50,USD,,1,,,
2021-11-03,BUY,ARCX:VOO,VOO,5,436.69,USD,,1,,,
2021-11-05,DIVIDEND,XBOG:ECOPETROL,ECOPETROL,,,COP,348.87,,1.02,,
2021-11-06,BUY,XBOG:PFBCOLOM,PFBCOLOM,100,29577.41,COP,,1,,,
2021-11-07,SELL,XNYS:KO,KO,63,64.00,USD,,1,,,
2021-11-08,BUY,XNAS:MSFT,MSFT,12,276.47,USD,,1,,,
2021-11-09,BUY,XNAS:MSFT,MSFT,1,201.92,USD,,1,,,
2021-11-11,BUY,XBOG:ECOPETROL,ECOPETROL,1500,2601.01,COP,,1,,,
2021-11-13,BUY,XNAS:MSFT,MSFT,1,275.25,USD,,1,,,
2021-11-14,BUY,BVMF:PETR4,PETR4,12,42.96,BRL,,1,,,
2021-11-16,BUY,ARCX:VOO,VOO,13,261.44,USD,,1,,,
2021-11-18,BUY,XNAS:GOOGL,GOOGL,4,107.98,USD,,1,,,
2021-11-20,BUY,XBOG:ECOPETROL,ECOPETROL,1600,1938.78,COP,,1,,,
2021-11-21,DIVIDEND,BVMF:ITUB4,ITUB4,,,BRL,36.01,,22.20,,
2021-11-23,BUY,XBOG:PFBCOLOM,PFBCOLOM,1300,23887.30,COP,,1,,,
2021-11-24,BUY,XBOG:ECOPETROL,ECOPETROL,100,2265.38,COP,,1,,,
2021-11-26,SELL,XBOG:ISA,ISA,3271,17569.86,COP,,1,,,
2021-11-27,BUY,XNAS:GOOGL,GOOGL,3,187.40,USD,,1,,,
2021-11-28,BUY,BVMF:WEGE3,WEGE3,5,33.21,BRL,,1,,,
2021-11-30,SELL,XBOG:PFBCOLOM,PFBCOLOM,7199,52927.66,COP,,1,,,
2021-12-02,BUY,XNAS:NVDA,NVDA,5,73.86,USD,,1,,,
2021-12-04,BUY,XNAS:AAPL,AAPL,14,175.12,USD,,1,,,
2021-12-05,BUY,BVMF:WEGE3,WEGE3,16,35.98,BRL,,1,,,
2021-12-06,BUY,XNAS:AAPL,AAPL,15,209.47,USD,,1,,,
2021-12-07,BUY,XNYS:KO,KO,3,40.27,USD,,1,,,
2021-12-08,BUY,XBOG:ECOPETROL,ECOPETROL,1400,2063.74,COP,,1,,,
2021-12-10,BUY,XBOG:ISA,ISA,1300,12347.01,COP,,1,,,
2021-12-11,BUY,XNAS:MSFT,MSFT,19,359.83,USD,,1,,,
2021-12-13,BUY,XNAS:NVDA,NVDA,14,110.62,USD,,1,,,
2021-12-14,DEPOSIT,,,,,COP,20000000,,,,
2021-12-14,DEPOSIT,,,,,USD,5000,,,,
2021-12-14,DEPOSIT,,,,,BRL,20000,,,,
2021-12-16,BUY,BVMF:PETR4,PETR4,11,48.99,BRL,,1,,,
2021-12-18,BUY,BVMF:ITUB4,ITUB4,19,30.27,BRL,,1,,,
2021-12-19,SELL,XNAS:AAPL,AAPL,35,141.87,USD,,1,,,
2021-12-20,DIVIDEND,XBOG:ECOPETROL,ECOPETROL,,,COP,251.69,,14.93,,
2021-12-22,BUY,XNAS:AAPL,AAPL,3,110.74,USD,,1,,,
2021-12-23,BUY,BVMF:PETR4,PETR4,5,46.73,BRL,,1,,,
2021-12-25,BUY,ARCX:VOO,VOO,18,343.91,USD,,1,,,
2021-12-27,BUY,XNAS:AAPL,AAPL,3,148.45,USD,,1,,,
2021-12-28,DIVIDEND,BVMF:PETR4,PETR4,,,BRL,314.63,,13.96,,
2021-12-30,DIVIDEND,XBOG:PFBCOLOM,PFBCOLOM,,,COP,97.04,,9.07,,
2022-01-01,DIVIDEND,XBOG:ISA,ISA,,,COP,380.73,,6.71,,
2022-01-03,SELL,XNAS:MSFT,MSFT,78,237.19,USD,,1,,,
2022-01-05,BUY,BVMF:WEGE3,WEGE3,8,44.44,BRL,,1,,,
2022-01-06,BUY,BVMF:PETR4,PETR4,8,38.34,BRL,,1,,,
2022-01-08,BUY,BVMF:ITUB4,ITUB4,14,36.78,BRL,,1,,,
2022-01-10,BUY,XBOG:ECOPETROL,ECOPETROL,1900,2675.94,COP,,1,,,
2022-01-12,BUY,XNYS:KO,KO,12,62.93,USD,,1,,,
2022-01-14,BUY,XNAS:GOOGL,GOOGL,13,93.29,USD,,1,,,
2022-01-15,BUY,XNAS:AAPL,AAPL,19,155.43,USD,,1,,,
2022-01-17,BUY,XNYS:KO,KO,11,59.90,USD,,1,,,
2022-01-19,SELL,BVMF:WEGE3,WEGE3,70,47.92,BRL,,1,,,
2022-01-20,BUY,XNAS:AAPL,AAPL,16,182.54,USD,,1,,,
2022-01-21,BUY,XNAS:AAPL,AAPL,9,125.06,USD,,1,,,
2022-01-22,BUY,BVMF:ITUB4,ITUB4,20,34.05,BRL,,1,,,
2022-01-23,BUY,BVMF:ITUB4,ITUB4,20,22.41,BRL,,1,,,
2022-01-24,DIVIDEND,BVMF:PETR4,PETR4,,,BRL,174.77,,4.80,,
2022-01-26,DIVIDEND,XBOG:ECOPETROL,ECOPETROL,,,COP,290.91,,8.65,,
2022-01-28,BUY,XNAS:NVDA,NVDA,5,137.08,USD,,1,,,
2022-01-30,BUY,BVMF:WEGE3,WEGE3,14,32.64,BRL,,1,,,
2022-02-01,DIVIDEND,XBOG:PFBCOLOM,PFBCOLOM,,,COP,383.61,,33.93,,
2022-02-03,BUY,XNAS:GOOGL,GOOGL,1,108.89,USD,,1,,,
2022-02-04,BUY,XBOG:ECOPETROL,ECOPETROL,1400,1863.85,COP,,1,,,
2022-02-06,BUY,XNYS:KO,KO,10,49.53,USD,,1,,,
2022-02-08,BUY,XBOG:ISA,ISA,400,19986.27,COP,,1,,,
2022-02-10,BUY,ARCX:VOO,VOO,14,320.03,USD,,1,,,
2022-02-12,BUY,XBOG:ISA,ISA,1700,18249.32,COP,,1,,,
2022-02-13,BUY,XNAS:NVDA,NVDA,9,104.94,USD,,1,,,
2022-02-15,DEPOSIT,,,,,COP,20000000,,,,
2022-02-15,DEPOSIT,,,,,USD,5000,,,,
2022-02-15,DEPOSIT,,,,,BRL,20000,,,,
2022-02-16,BUY,XBOG:PFBCOLOM,PFBCOLOM,2000,40312.89,COP,,1,,,
2022-02-17,DIVIDEND,XBOG:ECOPETROL,ECOPETROL,,,COP,21.63,,35.03,,
2022-02-18,BUY,XNYS:KO,KO,16,52.83,USD,,1,,,
2022-02-20,BUY,XNAS:AAPL,AAPL,7,169.81,USD,,1,,,
2022-02-21,BUY,BVMF:ITUB4,ITUB4,7,19.08,BRL,,1,,,
2022-02-23,BUY,XBOG:PFBCOLOM,PFBCOLOM,1200,24296.38,COP,,1,,,
2022-02-24,BUY,ARCX:VOO,VOO,4,405.41,USD,,1,,,
2022-02-25,DIVIDEND,ARCX:VOO,VOO,,,USD,155.19,,29.13,,
2022-02-27,BUY,BVMF:ITUB4,ITUB4,11,36.85,BRL,,1,,,
2022-02-28,DIVIDEND,XBOG:ISA,ISA,,,COP,14.89,,24.57,,
2022-03-02,BUY,BVMF:WEGE3,WEGE3,17,54.12,BRL,,1,,,
2022-03-03,BUY,BVMF:ITUB4,ITUB4,8,32.42,BRL,,1,,,
2022-03-04,BUY,ARCX:VOO,VOO,4,300.94,USD,,1,,,
2022-03-06,BUY,XNAS:MSFT,MSFT,14,205.02,USD,,1,,,
2022-03-07,BUY,XNYS:KO,KO,13,74.67,USD,,1,,,
2022-03-09,BUY,XBOG:ISA,ISA,1000,22536.16,COP,,1,,,
2022-03-10,BUY,ARCX:VOO,VOO,3,305.36,USD,,1,,,
2022-03-12,BUY,BVMF:PETR4,PETR4,7,48.28,BRL,,1,,,
2022-03-13,DIVIDEND,XNAS:MSFT,MSFT,,,USD,266.62,,42.29,,
2022-03-14,BUY,XNAS:AAPL,AAPL,17,200.86,USD,,1,,,
2022-03-16,DIVIDEND,XNYS:KO,KO,,,USD,408.28,,13.76,,
2022-03-17,BUY,XNAS:NVDA,NVDA,9,102.26,USD,,1,,,
2022-03-19,BUY,XBOG:ECOPETROL,ECOPETROL,700,1827.34,COP,,1,,,
2022-03-20,DIVIDEND,XNYS:KO,KO,,,USD,338.97,,13.48,,
2022-03-22,BUY,XNAS:AAPL,AAPL,14,140.30,USD,,1,,,
2022-03-23,BUY,XNAS:MSFT,MSFT,16,408.89,USD,,1,,,
2022-03-24,BUY,ARCX:VOO,VOO,16,486.76,USD,,1,,,
2022-03-25,BUY,BVMF:WEGE3,WEGE3,13,49.66,BRL,,1,,,
2022-03-26,BUY,BVMF:PETR4,PETR4,9,28.45,BRL,,1,,,
2022-03-27,BUY,XNYS:KO,KO,12,63.35,USD,,1,,,
2022-03-28,DIVIDEND,XBOG:ECOPETROL,ECOPETROL,,,COP,73.06,,4.61,,
2022-03-29,BUY,XNAS:MSFT,MSFT,2,280.36,USD,,1,,,
2022-03-30,BUY,BVMF:ITUB4,ITUB4,16,38.87,BRL,,1,,,
2022-03-31,SELL,XBOG:PFBCOLOM,PFBCOLOM,6199,47269.88,COP,,1,,,
2022-04-01,BUY,XNYS:KO,KO,20,58.26,USD,,1,,,
2022-04-03,BUY,XBOG:ISA,ISA,1800,22669.49,COP,,1,,,
2022-04-05,DIVIDEND,XNAS:MSFT,MSFT,,,USD,367.24,,22.04,,
2022-04-06,DEPOSIT,,,,,COP,20000000,,,,
2022-04-06,DEPOSIT,,,,,USD,5000,,,,
2022-04-06,DEPOSIT,,,,,BRL,20000,,,,
2022-04-08,BUY,BVMF:WEGE3,WEGE3,19,41.99,BRL,,1,,,
2022-04-09,BUY,XNAS:NVDA,NVDA,1,99.51,USD,,1,,,
2022-04-11,BUY,ARCX:VOO,VOO,11,376.28,USD,,1,,,
2022-04-13,BUY,XBOG:ECOPETROL,ECOPETROL,1800,2335.59,COP,,1,,,
2022-04-15,BUY,XBOG:PFBCOLOM,PFBCOLOM,1200,29329.85,COP,,1,,,
2022-04-16,BUY,XBOG:ISA,ISA,400,16491.08,COP,,1,,,
2022-04-18,BUY,XNAS:MSFT,MSFT,12,188.86,USD,,1,,,
2022-04-19,BUY,XNAS:AAPL,AAPL,10,194.42,USD,,1,,,
2022-04-21,DIVIDEND,XBOG:ECOPETROL,ECOPETROL,,,COP,419.05,,12.05,,
2022-04-23,SELL,BVMF:ITUB4,ITUB4,81,31.33,BRL,,1,,,
2022-04-24,BUY,XBOG:ISA,ISA,400,15833.11,COP,,1,,,
2022-04-26,DIVIDEND,XNAS:AAPL,AAPL,,,USD,215.19,,10.79,,
2022-04-28,BUY,BVMF:ITUB4,ITUB4,20,21.13,BRL,,1,,,
2022-04-29,BUY,XBOG:ECOPETROL,ECOPETROL,1700,3088.76,COP,,1,,,
2022-04-30,BUY,BVMF:ITUB4,ITUB4,11,23.22,BRL,,1,,,
2022-05-02,BUY,XNAS:NVDA,NVDA,6,118.24,USD,,1,,,
2022-05-04,DIVIDEND,XNAS:GOOGL,GOOGL,,,USD,476.14,,16.37,,
2022-05-05,BUY,BVMF:PETR4,PETR4,20,25.91,BRL,,1,,,
2022-05-07,SELL,BVMF:ITUB4,ITUB4,68,21.73,BRL,,1,,,
2022-05-08,BUY,XBOG:PFBCOLOM,PFBCOLOM,1800,38314.66,COP,,1,,,
2022-05-10,BUY,XNAS:NVDA,NVDA,9,95.73,USD,,1,,,
2022-05-11,BUY,XNAS:GOOGL,GOOGL,15,107.82,USD,,1,,,
2022-05-12,BUY,BVMF:ITUB4,ITUB4,5,39.03,BRL,,1,,,
2022-05-14,BUY,XBOG:PFBCOLOM,PFBCOLOM,1300,44880.33,COP,,1,,,
2022-05-16,BUY,XBOG:ISA,ISA,200,16927.06,COP,,1,,,
2022-05-18,BUY,BVMF:WEGE3,WEGE3,11,45.82,BRL,,1,,,
2022-05-20,DIVIDEND,ARCX:VOO,VOO,,,USD,68.62,,45.68,,
2022-05-22,BUY,XNAS:NVDA,NVDA,7,70.99,USD,,1,,,
2022-05-24,DIVIDEND,BVMF:WEGE3,WEGE3,,,BRL,136.27,,33.68,,
2022-05-26,BUY,XBOG:PFBCOLOM,PFBCOLOM,300,26925.34,COP,,1,,,
2022-05-28,BUY,XBOG:ISA,ISA,2000,14379.46,COP,,1,,,
2022-05-30,SELL,XBOG:ISA,ISA,4753,22988.73,COP,,1,,,
2022-05-31,BUY,XNAS:NVDA,NVDA,4,105.81,USD,,1,,,
2022-06-01,BUY,XBOG:PFBCOLOM,PFBCOLOM,1700,23187.75,COP,,1,,,
2022-06-03,BUY,BVMF:ITUB4,ITUB4,18,36.08,BRL,,1,,,
2022-06-05,BUY,XBOG:PFBCOLOM,PFBCOLOM,900,48751.22,COP,,1,,,
2022-06-06,BUY,XBOG:ISA,ISA,1800,15077.94,COP,,1,,,
2022-06-07,DEPOSIT,,,,,COP,20000000,,,,
2022-06-07,DEPOSIT,,,,,USD,5000,,,,
2022-06-07,DEPOSIT,,,,,BRL,20000,,,,
2022-06-09,BUY,XBOG:PFBCOLOM,PFBCOLOM,2000,23428.80,COP,,1,,,
2022-06-10,BUY,BVMF:PETR4,PETR4,12,37.08,BRL,,1,,,
2022-06-12,BUY,XBOG:PFBCOLOM,PFBCOLOM,800,38510.15,COP,,1,,,
2022-06-14,BUY,XNAS:MSFT,MSFT,18,221.78,USD,,1,,,
2022-06-15,BUY,BVMF:WEGE3,WEGE3,16,28.35,BRL,,1,,,
2022-06-17,DIVIDEND,BVMF:ITUB4,ITUB4,,,BRL,86.87,,18.62,,
2022-06-18,BUY,XBOG:ISA,ISA,500,11169.62,COP,,1,,,
2022-06-19,SELL,ARCX:VOO,VOO,58,361.75,USD,,1,,,
2022-06-20,BUY,ARCX:VOO,VOO,14,447.61,USD,,1,,,
2022-06-22,BUY,ARCX:VOO,VOO,15,292.71,USD,,1,,,
2022-06-24,BUY,XBOG:PFBCOLOM,PFBCOLOM,1300,24794.56,COP,,1,,,
2022-06-26,BUY,BVMF:PETR4,PETR4,12,43.40,BRL,,1,,,
2022-06-27,BUY,XNAS:NVDA,NVDA,15,129.14,USD,,1,,,
2022-06-28,SELL,BVMF:WEGE3,WEGE3,75,46.16,BRL,,1,,,
2022-06-29,BUY,XNAS:NVDA,NVDA,4,72.16,USD,,1,,,
2022-07-01,BUY,BVMF:PETR4,PETR4,1,36.07,BRL,,1,,,
2022-07-02,BUY,BVMF:PETR4,PETR4,9,29.88,BRL,,1,,,
2022-07-03,SELL,XBOG:PFBCOLOM,PFBCOLOM,7474,45261.59,COP,,1,,,
2022-07-05,BUY,XNYS:KO,KO,5,80.35,USD,,1,,,
2022-07-07,BUY,XNAS:AAPL,AAPL,11,126.49,USD,,1,,,
2022-07-08,SELL,XNAS:AAPL,AAPL,54,142.99,USD,,1,,,
2022-07-10,BUY,XBOG:ISA,ISA,1800,18796.02,COP,,1,,,
2022-07-12,BUY,ARCX:VOO,VOO,3,496.29,USD,,1,,,
2022-07-14,BUY,XNAS:GOOGL,GOOGL,7,157.57,USD,,1,,,
2022-07-16,BUY,BVMF:WEGE3,WEGE3,10,41.73,BRL,,1,,,
2022-07-17,BUY,BVMF:WEGE3,WEGE3,18,26.88,BRL,,1,,,
2022-07-18,BUY,ARCX:VOO,VOO,15,445.06,USD,,1,,,
2022-07-19,DIVIDEND,XNAS:AAPL,AAPL,,,USD,116.56,,36.16,,
2022-07-20,BUY,ARCX:VOO,VOO,6,512.62,USD,,1,,,
2022-07-22,DIVIDEND,XBOG:PFBCOLOM,PFBCOLOM,,,COP,7.31,,41.83,,
2022-07-23,BUY,XBOG:PFBCOLOM,PFBCOLOM,1800,41491.15,COP,,1,,,
2022-07-25,DIVIDEND,XNAS:AAPL,AAPL,,,USD,185.11,,44.08,,
2022-07-27,BUY,XNAS:NVDA,NVDA,17,86.51,USD,,1,,,
2022-07-28,SELL,XNAS:GOOGL,GOOGL,62,182.76,USD,,1,,,
2022-07-29,BUY,BVMF:ITUB4,ITUB4,13,26.95,BRL,,1,,,
2022-07-30,BUY,XNAS:AAPL,AAPL,4,146.28,USD,,1,,,
2022-07-31,BUY,XBOG:ISA,ISA,800,14559.94,COP,,1,,,
2022-08-02,DEPOSIT,,,,,COP,20000000,,,,
2022-08-02,DEPOSIT,,,,,USD,5000,,,,
2022-08-02,DEPOSIT,,,,,BRL,20000,,,,
2022-08-04,DIVIDEND,BVMF:WEGE3,WEGE3,,,BRL,466.23,,29.00,,
2022-08-06,BUY,XNAS:GOOGL,GOOGL,7,176.51,USD,,1,,,
2022-08-07,BUY,BVMF:WEGE3,WEGE3,12,46.79,BRL,,1,,,
2022-08-09,DIVIDEND,XNYS:KO,KO,,,USD,418.05,,47.94,,
2022-08-10,BUY,XBOG:ISA,ISA,100,16578.90,COP,,1,,,
2022-08-12,BUY,BVMF:WEGE3,WEGE3,14,33.62,BRL,,1,,,
2022-08-14,BUY,XBOG:PFBCOLOM,PFBCOLOM,1900,40297.08,COP,,1,,,
2022-08-15,BUY,BVMF:ITUB4,ITUB4,10,27.63,BRL,,1,,,
2022-08-16,BUY,XNAS:NVDA,NVDA,11,74.89,USD,,1,,,
2022-08-17,DIVIDEND,BVMF:ITUB4,ITUB4,,,BRL,434.57,,11.55,,
2022-08-19,SELL,XNAS:NVDA,NVDA,64,71.13,USD,,1,,,
2022-08-20,BUY,XBOG:ISA,ISA,1300,19406.46,COP,,1,,,
2022-08-21,DIVIDEND,XBOG:ISA,ISA,,,COP,168.48,,35.88,,
2022-08-23,BUY,XNAS:AAPL,AAPL,19,191.72,USD,,1,,,
2022-08-24,BUY,XNAS:GOOGL,GOOGL,11,194.19,USD,,1,,,
2022-08-25,BUY,XBOG:ECOPETROL,ECOPETROL,1400,2364.17,COP,,1,,,
2022-08-27,BUY,XNAS:AAPL,AAPL,3,203.54,USD,,1,,,
2022-08-29,BUY,XNYS:KO,KO,12,39.50,USD,,1,,,
2022-08-31,DIVIDEND,XBOG:PFBCOLOM,PFBCOLOM,,,COP,455.65,,37.87,,
2022-09-02,BUY,XBOG:PFBCOLOM,PFBCOLOM,900,21456.03,COP,,1,,,
2022-09-03,BUY,XBOG:ECOPETROL,ECOPETROL,1800,2683.45,COP,,1,,,
2022-09-05,BUY,XBOG:ISA,ISA,300,18466.27,COP,,1,,,
2022-09-07,BUY,ARCX:VOO,VOO,3,477.48,USD,,1,,,
2022-09-09,BUY,XBOG:ECOPETROL,ECOPETROL,600,3084.56,COP,,1,,,
2022-09-11,DIVIDEND,XBOG:ISA,ISA,,,COP,490.77,,36.51,,
2022-09-13,BUY,BVMF:WEGE3,WEGE3,19,51.16,BRL,,1,,,
2022-09-14,BUY,XNAS:AAPL,AAPL,18,154.45,USD,,1,,,
2022-09-15,BUY,BVMF:ITUB4,ITUB4,11,22.44,BRL,,1,,,
2022-09-17,SELL,XBOG:PFBCOLOM,PFBCOLOM,6756,36016.08,COP,,1,,,
2022-09-18,BUY,XNAS:GOOGL,GOOGL,18,98.77,USD,,1,,,
2022-09-20,BUY,XNAS:NVDA,NVDA,6,117.17,USD,,1,,,
2022-09-21,BUY,XBOG:ISA,ISA,1100,11066.76,COP,,1,,,
2022-09-23,BUY,XBOG:ECOPETROL,ECOPETROL,1900,1574.80,COP,,1,,,
2022-09-25,BUY,XNAS:MSFT,MSFT,8,205.84,USD,,1,,,
2022-09-26,BUY,XNAS:NVDA,NVDA,4,85.95,USD,,1,,,
2022-09-28,DIVIDEND,ARCX:VOO,VOO,,,USD,398.64,,23.55,,
2022-09-29,BUY,BVMF:ITUB4,ITUB4,6,30.85,BRL,,1,,,
2022-09-30,DEPOSIT,,,,,COP,20000000,,,,
2022-09-30,DEPOSIT,,,,,USD,5000,,,,
2022-09-30,DEPOSIT,,,,,BRL,20000,,,,
2022-10-02,BUY,XNAS:GOOGL,GOOGL,8,159.02,USD,,1,,,
2022-10-04,DIVIDEND,XNAS:MSFT,MSFT,,,USD,307.87,,37.91,,
2022-10-06,DIVIDEND,BVMF:PETR4,PETR4,,,BRL,344.43,,30.47,,
2022-10-08,BUY,BVMF:ITUB4,ITUB4,10,31.20,BRL,,1,,,
2022-10-09,BUY,XBOG:ECOPETROL,ECOPETROL,2000,2540.05,COP,,1,,,
2022-10-10,BUY,XNAS:GOOGL,GOOGL,13,140.40,USD,,1,,,
2022-10-12,BUY,XNYS:KO,KO,5,45.76,USD,,1,,,
2022-10-14,SELL,XBOG:ISA,ISA,5490,11974.53,COP,,1,,,
2022-10-16,BUY,ARCX:VOO,VOO,15,441.78,USD,,1,,,
2022-10-18,BUY,XNAS:MSFT,MSFT,19,188.78,USD,,1,,,
2022-10-20,BUY,BVMF:WEGE3,WEGE3,5,30.47,BRL,,1,,,
2022-10-22,BUY,XBOG:ECOPETROL,ECOPETROL,1200,2574.98,COP,,1,,,
2022-10-23,BUY,XBOG:PFBCOLOM,PFBCOLOM,700,42835.39,COP,,1,,,
2022-10-24,DIVIDEND,XBOG:ISA,ISA,,,COP,373.40,,42.27,,
2022-10-25,BUY,XBOG:PFBCOLOM,PFBCOLOM,100,38067.63,COP,,1,,,
2022-10-26,BUY,BVMF:PETR4,PETR4,17,44.40,BRL,,1,,,
2022-10-28,BUY,XNAS:AAPL,AAPL,20,174.02,USD,,1,,,
2022-10-29,BUY,ARCX:VOO,VOO,15,340.07,USD,,1,,,
2022-10-31,SELL,BVMF:WEGE3,WEGE3,76,42.73,BRL,,1,,,
2022-11-02,BUY,XBOG:ISA,ISA,100,11773.59,COP,,1,,,
2022-11-03,DIVIDEND,XNAS:AAPL,AAPL,,,USD,264.51,,42.84,,
2022-11-05,SELL,XNAS:MSFT,MSFT,81,417.52,USD,,1,,,
2022-11-06,BUY,BVMF:PETR4,PETR4,3,45.57,BRL,,1,,,
2022-11-07,BUY,XBOG:ECOPETROL,ECOPETROL,400,2642.75,COP,,1,,,
2022-11-08,BUY,BVMF:WEGE3,WEGE3,14,46.21,BRL,,1,,,
2022-11-09,DIVIDEND,XNYS:KO,KO,,,USD,463.91,,48.17,,
2022-11-10,BUY,XBOG:ECOPETROL,ECOPETROL,800,1700.58,COP,,1,,,
2022-11-12,BUY,XNAS:AAPL,AAPL,12,142.19,USD,,1,,,
2022-11-13,BUY,BVMF:ITUB4,ITUB4,7,34.85,BRL,,1,,,
2022-11-14,SELL,XBOG:ISA,ISA,4142,28454.51,COP,,1,,,
2022-11-15,SELL,XNAS:GOOGL,GOOGL,61,215.08,USD,,1,,,
2022-11-16,BUY,XBOG:ISA,ISA,1300,19054.71,COP,,1,,,
2022-11-18,DIVIDEND,BVMF:PETR4,PETR4,,,BRL,43.03,,4.86,,
2022-11-20,BUY,BVMF:ITUB4,ITUB4,2,38.73,BRL,,1,,,
2022-11-21,SELL,XNAS:NVDA,NVDA,51,63.21,USD,,1,,,
2022-11-22,SELL,XNAS:NVDA,NVDA,38,112.93,USD,,1,,,
2022-11-24,BUY,XBOG:PFBCOLOM,PFBCOLOM,1200,25159.72,COP,,1,,,
2022-11-26,DEPOSIT,,,,,COP,20000000,,,,
2022-11-26,DEPOSIT,,,,,USD,5000,,,,
2022-11-26,DEPOSIT,,,,,BRL,20000,,,,
2022-11-27,BUY,BVMF:WEGE3,WEGE3,15,25.89,BRL,,1,,,
2022-11-29,BUY,XBOG:ECOPETROL,ECOPETROL,1600,1934.90,COP,,1,,,
2022-12-01,BUY,XNAS:GOOGL,GOOGL,18,172.75,USD,,1,,,
2022-12-02,BUY,XBOG:ECOPETROL,ECOPETROL,500,2935.36,COP,,1,,,
2022-12-03,BUY,XNAS:AAPL,AAPL,18,121.07,USD,,1,,,
2022-12-05,SELL,BVMF:ITUB4,ITUB4,72,18.07,BRL,,1,,,
2022-12-07,BUY,XBOG:ISA,ISA,500,16768.67,COP,,1,,,
2022-12-09,BUY,ARCX:VOO,VOO,1,401.68,USD,,1,,,
2022-12-11,SELL,BVMF:ITUB4,ITUB4,54,37.88,BRL,,1,,,
2022-12-12,BUY,BVMF:ITUB4,ITUB4,15,33.77,BRL,,1,,,
2022-12-14,DIVIDEND,XNAS:MSFT,MSFT,,,USD,471.77,,22.68,,
2022-12-15,BUY,ARCX:VOO,VOO,20,413.19,USD,,1,,,
2022-12-16,BUY,XNAS:NVDA,NVDA,13,102.44,USD,,1,,,
2022-12-17,BUY,XNAS:NVDA,NVDA,10,66.08,USD,,1,,,
2022-12-18,BUY,XBOG:ISA,ISA,400,13684.40,COP,,1,,,
2022-12-20,BUY,XBOG:ECOPETROL,ECOPETROL,900,2125.47,COP,,1,,,
2022-12-21,BUY,XBOG:ECOPETROL,ECOPETROL,900,2082.37,COP,,1,,,
2022-12-22,BUY,BVMF:WEGE3,WEGE3,6,29.21,BRL,,1,,,
2022-12-24,BUY,XNYS:KO,KO,5,61.18,USD,,1,,,
2022-12-25,BUY,ARCX:VOO,VOO,7,317.37,USD,,1,,,
2022-12-26,BUY,BVMF:ITUB4,ITUB4,12,34.66,BRL,,1,,,
2022-12-28,BUY,XNAS:MSFT,MSFT,8,195.30,USD,,1,,,
2022-12-29,BUY,XNAS:MSFT,MSFT,19,315.83,USD,,1,,,
2022-12-30,BUY,XBOG:ISA,ISA,800,24266.67,COP,,1,,,
2023-01-01,BUY,XBOG:ISA,ISA,1200,24427.26,COP,,1,,,
2023-01-03,BUY,BVMF:WEGE3,WEGE3,18,55.92,BRL,,1,,,
2023-01-04,SELL,BVMF:WEGE3,WEGE3,70,60.39,BRL,,1,,,
2023-01-05,DIVIDEND,XBOG:ECOPETROL,ECOPETROL,,,COP,112.13,,28.42,,
2023-01-07,DIVIDEND,BVMF:PETR4,PETR4,,,BRL,391.82,,11.06,,
2023-01-08,BUY,BVMF:PETR4,PETR4,14,40.79,BRL,,1,,,
2023-01-10,DIVIDEND,BVMF:PETR4,PETR4,,,BRL,400.97,,13.19,,
2023-01-12,BUY,XNAS:AAPL,AAPL,15,149.70,USD,,1,,,
2023-01-13,BUY,ARCX:VOO,VOO,18,506.91,USD,,1,,,
2023-01-15,BUY,BVMF:ITUB4,ITUB4,3,19.69,BRL,,1,,,
2023-01-16,BUY,XBOG:ISA,ISA,1600,18001.24,COP,,1,,,
2023-01-18,BUY,ARCX:VOO,VOO,15,245.89,USD,,1,,,
2023-01-19,DIVIDEND,XBOG:PFBCOLOM,PFBCOLOM,,,COP,79.39,,38.95,,
2023-01-21,DEPOSIT,,,,,COP,20000000,,,,
2023-01-21,DEPOSIT,,,,,USD,5000,,,,
2023-01-21,DEPOSIT,,,,,BRL,20000,,,,
2023-01-23,BUY,XNAS:AAPL,AAPL,5,105.92,USD,,1,,,
2023-01-24,DIVIDEND,XBOG:ECOPETROL,ECOPETROL,,,COP,202.72,,19.27,,
2023-01-26,BUY,BVMF:WEGE3,WEGE3,2,44.54,BRL,,1,,,
2023-01-27,BUY,XNAS:AAPL,AAPL,5,154.12,USD,,1,,,
2023-01-28,DIVIDEND,XBOG:PFBCOLOM,PFBCOLOM,,,COP,190.01,,32.15,,
2023-01-30,BUY,BVMF:WEGE3,WEGE3,12,30.46,BRL,,1,,,
2023-01-31,BUY,XBOG:PFBCOLOM,PFBCOLOM,600,34634.25,COP,,1,,,
2023-02-01,DIVIDEND,BVMF:ITUB4,ITUB4,,,BRL,398.92,,3.76,,
2023-02-03,BUY,XNAS:GOOGL,GOOGL,9,172.83,USD,,1,,,
2023-02-04,SELL,XNAS:MSFT,MSFT,67,287.10,USD,,1,,,
2023-02-05,BUY,BVMF:ITUB4,ITUB4,12,24.19,BRL,,1,,,
2023-02-06,DIVIDEND,ARCX:VOO,VOO,,,USD,29.66,,8.20,,
2023-02-07,BUY,XNAS:NVDA,NVDA,5,77.96,USD,,1,,,
2023-02-09,BUY,XNAS:MSFT,MSFT,13,243.23,USD,,1,,,
2023-02-10,BUY,XNAS:NVDA,NVDA,10,128.87,USD,,1,,,
2023-02-12,BUY,XNAS:AAPL,AAPL,9,194.62,USD,,1,,,
2023-02-13,DIVIDEND,XNYS:KO,KO,,,USD,72.83,,25.61,,
2023-02-15,BUY,XNAS:AAPL,AAPL,5,115.14,USD,,1,,,
2023-02-17,BUY,XNAS:AAPL,AAPL,11,208.19,USD,,1,,,
2023-02-18,BUY,XBOG:PFBCOLOM,PFBCOLOM,1500,25372.01,COP,,1,,,
2023-02-19,BUY,BVMF:WEGE3,WEGE3,7,52.44,BRL,,1,,,
2023-02-21,BUY,XBOG:ISA,ISA,1500,15463.42,COP,,1,,,
2023-02-23,SELL,ARCX:VOO,VOO,80,301.29,USD,,1,,,
2023-02-25,BUY,XNAS:NVDA,NVDA,16,67.60,USD,,1,,,
2023-02-26,BUY,ARCX:VOO,VOO,8,476.91,USD,,1,,,
2023-02-27,BUY,XNAS:AAPL,AAPL,11,100.35,USD,,1,,,
2023-02-28,SELL,BVMF:WEGE3,WEGE3,58,38.19,BRL,,1,,,
2023-03-01,SELL,ARCX:VOO,VOO,62,455.75,USD,,1,,,
2023-03-02,BUY,XNAS:GOOGL,GOOGL,15,177.66,USD,,1,,,
2023-03-03,SELL,XNAS:GOOGL,GOOGL,56,96.04,USD,,1,,,
2023-03-05,BUY,XNAS:AAPL,AAPL,8,121.61,USD,,1,,,
2023-03-06,DIVIDEND,XBOG:ISA,ISA,,,COP,66.57,,39.60,,
2023-03-08,DIVIDEND,XBOG:ECOPETROL,ECOPETROL,,,COP,301.51,,5.92,,
2023-03-09,BUY,XNAS:AAPL,AAPL,20,106.09,USD,,1,,,
2023-03-10,DIVIDEND,XNAS:MSFT,MSFT,,,USD,486.49,,13.11,,
2023-03-12,BUY,XNAS:MSFT,MSFT,4,370.29,USD,,1,,,
2023-03-13,BUY,XNAS:NVDA,NVDA,1,74.51,USD,,1,,,
2023-03-14,DEPOSIT,,,,,COP,20000000,,,,
2023-03-14,DEPOSIT,,,,,USD,5000,,,,
2023-03-14,DEPOSIT,,,,,BRL,20000,,,,
2023-03-15,BUY,XBOG:ECOPETROL,ECOPETROL,600,2581.66,COP,,1,,,
2023-03-16,SELL,XBOG:PFBCOLOM,PFBCOLOM,6092,29780.51,COP,,1,,,
2023-03-18,BUY,XBOG:ISA,ISA,1600,24679.03,COP,,1,,,
2023-03-19,BUY,BVMF:ITUB4,ITUB4,2,26.84,BRL,,1,,,
2023-03-21,BUY,BVMF:PETR4,PETR4,20,38.88,BRL,,1,,,
2023-03-22,BUY,XBOG:ISA,ISA,1900,17616.25,COP,,1,,,
2023-03-23,BUY,BVMF:WEGE3,WEGE3,9,34.05,BRL,,1,,,
2023-03-25,SELL,BVMF:ITUB4,ITUB4,51,45.36,BRL,,1,,,
2023-03-26,BUY,XBOG:PFBCOLOM,PFBCOLOM,500,35281.41,COP,,1,,,
2023-03-27,BUY,BVMF:ITUB4,ITUB4,8,26.53,BRL,,1,,,
2023-03-29,BUY,XBOG:PFBCOLOM,PFBCOLOM,1200,27943.98,COP,,1,,,
2023-03-30,BUY,XNAS:NVDA,NVDA,1,62.09,USD,,1,,,
2023-04-01,BUY,BVMF:ITUB4,ITUB4,9,34.39,BRL,,1,,,
2023-04-02,BUY,XBOG:ECOPETROL,ECOPETROL,300,2632.52,COP,,1,,,
2023-04-03,BUY,BVMF:WEGE3,WEGE3,9,51.47,BRL,,1,,,
2023-04-05,BUY,XNAS:NVDA,NVDA,16,133.94,USD,,1,,,
2023-04-07,BUY,BVMF:WEGE3,WEGE3,12,33.00,BRL,,1,,,
2023-04-09,BUY,BVMF:ITUB4,ITUB4,13,18.05,BRL,,1,,,
2023-04-11,DIVIDEND,XNAS:MSFT,MSFT,,,USD,313.66,,25.46,,
2023-04-13,BUY,XBOG:ECOPETROL,ECOPETROL,600,1540.61,COP,,1,,,
2023-04-14,BUY,BVMF:PETR4,PETR4,20,23.85,BRL,,1,,,
2023-04-15,BUY,BVMF:ITUB4,ITUB4,17,38.05,BRL,,1,,,
2023-04-16,BUY,XNAS:MSFT,MSFT,3,310.79,USD,,1,,,
2023-04-17,BUY,XNYS:KO,KO,3,48.90,USD,,1,,,
2023-04-19,BUY,ARCX:VOO,VOO,6,517.01,USD,,1,,,
2023-04-21,BUY,XNAS:MSFT,MSFT,18,383.09,USD,,1,,,
2023-04-23,DIVIDEND,XNAS:MSFT,MSFT,,,USD,306.10,,16.39,,
2023-04-25,DIVIDEND,BVMF:ITUB4,ITUB4,,,BRL,356.85,,44.81,,
2023-04-26,DIVIDEND,XNAS:MSFT,MSFT,,,USD,42.39,,43.44,,
2023-04-28,DIVIDEND,BVMF:ITUB4,ITUB4,,,BRL,494.19,,16.06,,
2023-04-29,SELL,BVMF:WEGE3,WEGE3,51,53.22,BRL,,1,,,
2023-04-30,BUY,XBOG:ISA,ISA,900,20336.71,COP,,1,,,
2023-05-01,BUY,XBOG:PFBCOLOM,PFBCOLOM,1400,29599.63,COP,,1,,,
2023-05-02,BUY,XBOG:PFBCOLOM,PFBCOLOM,1600,31175.12,COP,,1,,,
2023-05-04,BUY,XBOG:PFBCOLOM,PFBCOLOM,1600,48204.04,COP,,1,,,
2023-05-06,DIVIDEND,XNYS:KO,KO,,,USD,156.30,,4.29,,
2023-05-08,BUY,XBOG:ISA,ISA,200,25190.98,COP,,1,,,
2023-05-10,DEPOSIT,,,,,COP,20000000,,,,
2023-05-10,DEPOSIT,,,,,USD,5000,,,,
2023-05-10,DEPOSIT,,,,,BRL,20000,,,,
2023-05-11,BUY,ARCX:VOO,VOO,3,462.56,USD,,1,,,
2023-05-12,BUY,XBOG:PFBCOLOM,PFBCOLOM,400,36909.73,COP,,1,,,
2023-05-14,BUY,BVMF:PETR4,PETR4,18,39.37,BRL,,1,,,
2023-05-16,BUY,XBOG:PFBCOLOM,PFBCOLOM,1700,46420.92,COP,,1,,,
2023-05-18,BUY,XBOG:ECOPETROL,ECOPETROL,1000,2187.17,COP,,1,,,
2023-05-19,BUY,XNAS:NVDA,NVDA,9,83.59,USD,,1,,,
2023-05-20,BUY,BVMF:PETR4,PETR4,12,31.12,BRL,,1,,,
2023-05-21,SELL,XNAS:NVDA,NVDA,49,128.56,USD,,1,,,
2023-05-23,BUY,BVMF:WEGE3,WEGE3,15,26.23,BRL,,1,,,
2023-05-25,BUY,ARCX:VOO,VOO,18,259.73,USD,,1,,,
2023-05-27,SELL,XNYS:KO,KO,79,39.66,USD,,1,,,
2023-05-28,DIVIDEND,XNAS:GOOGL,GOOGL,,,USD,485.28,,13.83,,
2023-05-29,BUY,XBOG:ISA,ISA,1000,11873.39,COP,,1,,,
2023-05-30,DIVIDEND,XBOG:ECOPETROL,ECOPETROL,,,COP,185.09,,13.81,,
2023-05-31,SELL,XNAS:NVDA,NVDA,37,145.60,USD,,1,,,
2023-06-01,BUY,XNAS:GOOGL,GOOGL,7,127.56,USD,,1,,,
2023-06-03,BUY,XBOG:ISA,ISA,1700,22138.69,COP,,1,,,
2023-06-05,DIVIDEND,XBOG:ISA,ISA,,,COP,109.62,,39.34,,
2023-06-06,BUY,XBOG:ECOPETROL,ECOPETROL,1200,2300.71,COP,,1,,,
2023-06-07,BUY,XNYS:KO,KO,7,38.95,USD,,1,,,
2023-06-08,BUY,XBOG:ISA,ISA,500,24441.82,COP,,1,,,
2023-06-09,BUY,XNYS:KO,KO,18,44.56,USD,,1,,,
2023-06-11,BUY,BVMF:ITUB4,ITUB4,7,24.98,BRL,,1,,,
2023-06-12,BUY,BVMF:ITUB4,ITUB4,11,35.49,BRL,,1,,,
2023-06-13,BUY,BVMF:PETR4,PETR4,12,44.94,BRL,,1,,,
2023-06-14,BUY,BVMF:ITUB4,ITUB4,18,29.04,BRL,,1,,,
2023-06-16,BUY,XNAS:GOOGL,GOOGL,16,195.96,USD,,1,,,
2023-06-17,BUY,BVMF:WEGE3,WEGE3,3,49.56,BRL,,1,,,
2023-06-19,BUY,BVMF:PETR4,PETR4,5,45.00,BRL,,1,,,
2023-06-20,DIVIDEND,BVMF:WEGE3,WEGE3,,,BRL,77.30,,13.02,,
2023-06-22,BUY,BVMF:ITUB4,ITUB4,14,35.10,BRL,,1,,,
2023-06-24,BUY,BVMF:WEGE3,WEGE3,9,25.96,BRL,,1,,,
2023-06-25,SELL,BVMF:WEGE3,WEGE3,45,60.92,BRL,,1,,,
2023-06-26,SELL,XNAS:AAPL,AAPL,86,142.04,USD,,1,,,
2023-06-28,BUY,XBOG:PFBCOLOM,PFBCOLOM,1400,27014.32,COP,,1,,,
2023-06-29,BUY,XNYS:KO,KO,16,55.76,USD,,1,,,
2023-07-01,BUY,BVMF:ITUB4,ITUB4,19,31.37,BRL,,1,,,
2023-07-03,DEPOSIT,,,,,COP,20000000,,,,
2023-07-03,DEPOSIT,,,,,USD,5000,,,,
2023-07-03,DEPOSIT,,,,,BRL,20000,,,,
2023-07-05,BUY,ARCX:VOO,VOO,12,298.83,USD,,1,,,
2023-07-06,DIVIDEND,XBOG:ISA,ISA,,,COP,120.74,,42.08,,
2023-07-07,SELL,BVMF:ITUB4,ITUB4,67,22.33,BRL,,1,,,
2023-07-09,BUY,XNAS:MSFT,MSFT,16,282.88,USD,,1,,,
2023-07-11,SELL,XBOG:ISA,ISA,6882,19361.10,COP,,1,,,
2023-07-13,BUY,XNAS:MSFT,MSFT,3,275.91,USD,,1,,,
2023-07-14,DIVIDEND,XBOG:ISA,ISA,,,COP,158.95,,49.65,,
2023-07-16,BUY,ARCX:VOO,VOO,3,459.85,USD,,1,,,
2023-07-17,DIVIDEND,BVMF:ITUB4,ITUB4,,,BRL,472.55,,41.91,,
2023-07-18,DIVIDEND,XBOG:ECOPETROL,ECOPETROL,,,COP,488.08,,43.69,,
2023-07-20,BUY,BVMF:PETR4,PETR4,5,32.89,BRL,,1,,,
2023-07-21,BUY,BVMF:ITUB4,ITUB4,9,22.86,BRL,,1,,,
2023-07-23,DIVIDEND,XNAS:NVDA,NVDA,,,USD,293.15,,38.37,,
2023-07-25,BUY,XNAS:MSFT,MSFT,7,380.04,USD,,1,,,
2023-07-26,BUY,XBOG:ISA,ISA,200,11952.23,COP,,1,,,
2023-07-28,DIVIDEND,XNYS:KO,KO,,,USD,105.56,,9.27,,
2023-07-30,BUY,XNAS:AAPL,AAPL,8,116.03,USD,,1,,,
2023-07-31,BUY,XNAS:MSFT,MSFT,18,299.25,USD,,1,,,
2023-08-01,BUY,XBOG:ISA,ISA,1300,20932.52,COP,,1,,,
2023-08-02,BUY,BVMF:WEGE3,WEGE3,18,25.39,BRL,,1,,,
2023-08-04,BUY,ARCX:VOO,VOO,13,537.63,USD,,1,,,
2023-08-05,BUY,XBOG:ECOPETROL,ECOPETROL,1800,1441.11,COP,,1,,,
2023-08-06,DIVIDEND,BVMF:WEGE3,WEGE3,,,BRL,13.48,,1.09,,
2023-08-07,BUY,XNAS:NVDA,NVDA,4,139.29,USD,,1,,,
2023-08-09,BUY,XNAS:AAPL,AAPL,14,204.96,USD,,1,,,
2023-08-11,DIVIDEND,XNAS:AAPL,AAPL,,,USD,110.91,,47.32,,
2023-08-12,BUY,BVMF:PETR4,PETR4,3,37.42,BRL,,1,,,
2023-08-14,BUY,XNAS:GOOGL,GOOGL,15,103.45,USD,,1,,,
2023-08-16,BUY,XNAS:GOOGL,GOOGL,14,190.45,USD,,1,,,
2023-08-18,BUY,XNAS:AAPL,AAPL,13,134.29,USD,,1,,,
2023-08-19,BUY,XNAS:AAPL,AAPL,4,203.99,USD,,1,,,
2023-08-21,BUY,XNAS:AAPL,AAPL,16,190.77,USD,,1,,,
2023-08-23,DIVIDEND,XBOG:PFBCOLOM,PFBCOLOM,,,COP,398.82,,32.73,,
2023-08-24,BUY,XNAS:AAPL,AAPL,8,145.77,USD,,1,,,
2023-08-25,BUY,ARCX:VOO,VOO,3,251.80,USD,,1,,,
2023-08-26,BUY,XBOG:ISA,ISA,1400,22171.33,COP,,1,,,
2023-08-27,BUY,XNAS:GOOGL,GOOGL,17,96.39,USD,,1,,,
2023-08-29,DEPOSIT,,,,,COP,20000000,,,,
2023-08-29,DEPOSIT,,,,,USD,5000,,,,
2023-08-29,DEPOSIT,,,,,BRL,20000,,,,
2023-08-31,BUY,XNAS:GOOGL,GOOGL,4,171.31,USD,,1,,,
2023-09-02,DIVIDEND,XNAS:MSFT,MSFT,,,USD,273.78,,17.67,,
2023-09-03,BUY,BVMF:WEGE3,WEGE3,18,48.13,BRL,,1,,,
2023-09-04,BUY,BVMF:ITUB4,ITUB4,7,29.52,BRL,,1,,,
2023-09-06,BUY,XBOG:ISA,ISA,2000,18204.46,COP,,1,,,
2023-09-07,BUY,XBOG:PFBCOLOM,PFBCOLOM,1600,31973.45,COP,,1,,,
2023-09-09,BUY,BVMF:ITUB4,ITUB4,14,34.95,BRL,,1,,,
2023-09-11,DIVIDEND,XNAS:GOOGL,GOOGL,,,USD,249.20,,0.59,,
2023-09-13,BUY,BVMF:WEGE3,WEGE3,10,54.68,BRL,,1,,,
2023-09-14,DIVIDEND,XNAS:MSFT,MSFT,,,USD,106.67,,7.65,,
2023-09-15,BUY,XNAS:AAPL,AAPL,9,200.13,USD,,1,,,
2023-09-17,BUY,XBOG:PFBCOLOM,PFBCOLOM,700,46328.91,COP,,1,,,
2023-09-19,BUY,XNAS:NVDA,NVDA,4,69.02,USD,,1,,,
2023-09-20,BUY,XNAS:MSFT,MSFT,18,286.88,USD,,1,,,
2023-09-21,DIVIDEND,XNAS:NVDA,NVDA,,,USD,266.54,,20.59,,
2023-09-22,SELL,ARCX:VOO,VOO,61,265.02,USD,,1,,,
2023-09-24,BUY,BVMF:ITUB4,ITUB4,17,31.43,BRL,,1,,,
2023-09-25,SELL,XBOG:PFBCOLOM,PFBCOLOM,7594,23395.61,COP,,1,,,
2023-09-27,BUY,XNAS:MSFT,MSFT,17,350.00,USD,,1,,,
2023-09-28,BUY,ARCX:VOO,VOO,1,340.18,USD,,1,,,
2023-09-30,DIVIDEND,BVMF:WEGE3,WEGE3,,,BRL,23.53,,47.76,,
2023-10-01,BUY,XNAS:GOOGL,GOOGL,2,102.08,USD,,1,,,
2023-10-03,BUY,XNAS:MSFT,MSFT,7,265.81,USD,,1,,,
2023-10-04,BUY,ARCX:VOO,VOO,12,381.95,USD,,1,,,
2023-10-05,BUY,BVMF:WEGE3,WEGE3,3,29.48,BRL,,1,,,
2023-10-06,DIVIDEND,XNAS:NVDA,NVDA,,,USD,334.75,,7.86,,
2023-10-07,BUY,XBOG:ECOPETROL,ECOPETROL,700,1994.58,COP,,1,,,
2023-10-08,BUY,XBOG:ISA,ISA,1900,24281.95,COP,,1,,,
2023-10-10,BUY,XBOG:PFBCOLOM,PFBCOLOM,1700,30862.07,COP,,1,,,
2023-10-11,DIVIDEND,BVMF:PETR4,PETR4,,,BRL,298.30,,47.79,,
2023-10-13,BUY,XBOG:PFBCOLOM,PFBCOLOM,100,25181.69,COP,,1,,,
2023-10-15,SELL,XBOG:ISA,ISA,6861,10916.31,COP,,1,,,
2023-10-17,BUY,XNAS:MSFT,MSFT,17,217.30,USD,,1,,,
2023-10-19,BUY,ARCX:VOO,VOO,8,389.19,USD,,1,,,
2023-10-21,SELL,XNAS:AAPL,AAPL,82,200.31,USD,,1,,,
2023-10-23,BUY,XNAS:AAPL,AAPL,4,174.38,USD,,1,,,
2023-10-25,BUY,XBOG:PFBCOLOM,PFBCOLOM,1700,46473.98,COP,,1,,,
2023-10-27,DEPOSIT,,,,,COP,20000000,,,,
2023-10-27,DEPOSIT,,,,,USD,5000,,,,
2023-10-27,DEPOSIT,,,,,BRL,20000,,,,
2023-10-29,DIVIDEND,XBOG:PFBCOLOM,PFBCOLOM,,,COP,135.73,,5.56,,
2023-10-31,DIVIDEND,XNAS:MSFT,MSFT,,,USD,403.30,,12.78,,
2023-11-01,SELL,XNYS:KO,KO,70,47.70,USD,,1,,,
2023-11-03,DIVIDEND,XBOG:ISA,ISA,,,COP,288.76,,36.75,,
2023-11-05,BUY,BVMF:WEGE3,WEGE3,17,41.23,BRL,,1,,,
2023-11-07,BUY,ARCX:VOO,VOO,11,463.17,USD,,1,,,
2023-11-08,BUY,XNAS:NVDA,NVDA,6,113.32,USD,,1,,,
2023-11-09,DIVIDEND,XBOG:PFBCOLOM,PFBCOLOM,,,COP,485.01,,10.28,,
2023-11-11,BUY,XBOG:PFBCOLOM,PFBCOLOM,900,33729.11,COP,,1,,,
2023-11-12,BUY,XNAS:NVDA,NVDA,14,129.45,USD,,1,,,
2023-11-14,BUY,BVMF:PETR4,PETR4,12,35.84,BRL,,1,,,
2023-11-16,BUY,XNAS:MSFT,MSFT,3,181.14,USD,,1,,,
2023-11-18,BUY,XNAS:MSFT,MSFT,8,314.25,USD,,1,,,
2023-11-19,SELL,XNAS:GOOGL,GOOGL,61,128.52,USD,,1,,,
2023-11-20,SELL,XNAS:AAPL,AAPL,63,208.08,USD,,1,,,
2023-11-21,BUY,XBOG:ISA,ISA,800,12638.85,COP,,1,,,
2023-11-23,SELL,BVMF:ITUB4,ITUB4,62,34.89,BRL,,1,,,
2023-11-24,BUY,BVMF:ITUB4,ITUB4,3,18.35,BRL,,1,,,
2023-11-25,BUY,XNYS:KO,KO,5,48.78,USD,,1,,,
2023-11-26,BUY,XNAS:GOOGL,GOOGL,11,168.23,USD,,1,,,
2023-11-27,BUY,BVMF:PETR4,PETR4,17,48.33,BRL,,1,,,
2023-11-29,BUY,XBOG:PFBCOLOM,PFBCOLOM,1400,44889.45,COP,,1,,,
2023-11-30,BUY,XNAS:GOOGL,GOOGL,19,140.70,USD,,1,,,
2023-12-01,BUY,XBOG:ISA,ISA,1200,20490.48,COP,,1,,,
2023-12-02,BUY,XBOG:PFBCOLOM,PFBCOLOM,1900,38022.95,COP,,1,,,
2023-12-04,BUY,ARCX:VOO,VOO,18,499.75,USD,,1,,,
2023-12-06,BUY,XBOG:PFBCOLOM,PFBCOLOM,600,38821.99,COP,,1,,,
2023-12-07,DIVIDEND,ARCX:VOO,VOO,,,USD,353.68,,0.82,,
2023-12-09,DIVIDEND,XBOG:PFBCOLOM,PFBCOLOM,,,COP,252.43,,42.20,,
2023-12-10,BUY,XNAS:AAPL,AAPL,20,120.44,USD,,1,,,
2023-12-12,BUY,ARCX:VOO,VOO,4,402.74,USD,,1,,,
2023-12-13,BUY,XNAS:GOOGL,GOOGL,4,181.59,USD,,1,,,
2023-12-14,BUY,BVMF:ITUB4,ITUB4,8,33.62,BRL,,1,,,
2023-12-16,BUY,BVMF:PETR4,PETR4,3,34.21,BRL,,1,,,
2023-12-17,DIVIDEND,XBOG:ECOPETROL,ECOPETROL,,,COP,67.66,,40.53,,
2023-12-18,BUY,BVMF:PETR4,PETR4,5,42.02,BRL,,1,,,
2023-12-20,BUY,XBOG:ECOPETROL,ECOPETROL,1300,2256.90,COP,,1,,,
2023-12-21,DEPOSIT,,,,,COP,20000000,,,,
2023-12-21,DEPOSIT,,,,,USD,5000,,,,
2023-12-21,DEPOSIT,,,,,BRL,20000,,,,
2023-12-22,BUY,XNAS:NVDA,NVDA,17,76.63,USD,,1,,,
2023-12-24,SELL,BVMF:WEGE3,WEGE3,50,45.32,BRL,,1,,,
2023-12-26,BUY,XBOG:ECOPETROL,ECOPETROL,1500,1389.06,COP,,1,,,
2023-12-27,BUY,BVMF:WEGE3,WEGE3,19,46.69,BRL,,1,,,
2023-12-28,BUY,BVMF:WEGE3,WEGE3,15,52.20,BRL,,1,,,
2023-12-29,SELL,XNYS:KO,KO,53,61.72,USD,,1,,,
2023-12-31,BUY,XBOG:PFBCOLOM,PFBCOLOM,1200,27022.90,COP,,1,,,
2024-01-02,BUY,XBOG:ECOPETROL,ECOPETROL,1000,2062.98,COP,,1,,,
2024-01-04,BUY,XNYS:KO,KO,10,82.02,USD,,1,,,
2024-01-06,BUY,XNAS:MSFT,MSFT,11,346.66,USD,,1,,,
2024-01-08,SELL,BVMF:PETR4,PETR4,157,36.35,BRL,,1,,,
2024-01-10,BUY,XNAS:GOOGL,GOOGL,14,184.15,USD,,1,,,
2024-01-12,BUY,XBOG:ISA,ISA,500,10899.45,COP,,1,,,
2024-01-13,BUY,ARCX:VOO,VOO,16,397.76,USD,,1,,,
2024-01-15,BUY,XBOG:ISA,ISA,100,15524.07,COP,,1,,,
2024-01-16,SELL,XBOG:ECOPETROL,ECOPETROL,11083,3114.41,COP,,1,,,
2024-01-18,DIVIDEND,XBOG:ECOPETROL,ECOPETROL,,,COP,349.71,,7.32,,
2024-01-19,BUY,XNAS:AAPL,AAPL,3,123.99,USD,,1,,,
2024-01-21,BUY,XNAS:GOOGL,GOOGL,5,153.26,USD,,1,,,
2024-01-22,SELL,XBOG:ECOPETROL,ECOPETROL,8313,3098.53,COP,,1,,,
2024-01-23,BUY,XBOG:ECOPETROL,ECOPETROL,300,1452.28,COP,,1,,,
2024-01-24,BUY,ARCX:VOO,VOO,2,534.43,USD,,1,,,
2024-01-25,BUY,XNAS:MSFT,MSFT,6,339.69,USD,,1,,,
2024-01-26,BUY,XBOG:PFBCOLOM,PFBCOLOM,400,44673.68,COP,,1,,,
2024-01-27,BUY,XBOG:ISA,ISA,200,11344.30,COP,,1,,,
2024-01-28,BUY,XBOG:ECOPETROL,ECOPETROL,1300,1893.88,COP,,1,,,
2024-01-29,SELL,XNAS:GOOGL,GOOGL,59,182.44,USD,,1,,,
2024-01-30,BUY,XNAS:AAPL,AAPL,19,145.98,USD,,1,,,
2024-02-01,BUY,BVMF:WEGE3,WEGE3,1,30.31,BRL,,1,,,
2024-02-02,BUY,XBOG:ISA,ISA,1500,10933.63,COP,,1,,,
2024-02-04,DIVIDEND,ARCX:VOO,VOO,,,USD,327.25,,46.29,,
2024-02-06,SELL,BVMF:ITUB4,ITUB4,50,46.91,BRL,,1,,,
2024-02-07,BUY,BVMF:PETR4,PETR4,7,30.38,BRL,,1,,,
2024-02-09,BUY,XBOG:PFBCOLOM,PFBCOLOM,700,45793.71,COP,,1,,,
2024-02-11,BUY,BVMF:WEGE3,WEGE3,5,26.75,BRL,,1,,,
2024-02-12,SELL,BVMF:PETR4,PETR4,120,36.84,BRL,,1,,,
2024-02-14,BUY,XBOG:ISA,ISA,400,11237.33,COP,,1,,,
2024-02-15,DEPOSIT,,,,,COP,20000000,,,,
2024-02-15,DEPOSIT,,,,,USD,5000,,,,
2024-02-15,DEPOSIT,,,,,BRL,20000,,,,
2024-02-17,BUY,BVMF:WEGE3,WEGE3,19,42.63,BRL,,1,,,
2024-02-18,SELL,ARCX:VOO,VOO,64,472.30,USD,,1,,,
2024-02-19,BUY,XNAS:MSFT,MSFT,9,349.27,USD,,1,,,
2024-02-21,DIVIDEND,XBOG:PFBCOLOM,PFBCOLOM,,,COP,322.10,,45.48,,
2024-02-22,BUY,XNAS:AAPL,AAPL,1,205.03,USD,,1,,,
2024-02-24,BUY,XNAS:MSFT,MSFT,10,280.54,USD,,1,,,
2024-02-25,DIVIDEND,XNAS:MSFT,MSFT,,,USD,449.68,,29.59,,
2024-02-26,BUY,BVMF:WEGE3,WEGE3,11,40.86,BRL,,1,,,
2024-02-27,BUY,BVMF:PETR4,PETR4,5,40.80,BRL,,1,,,
2024-02-28,DIVIDEND,BVMF:PETR4,PETR4,,,BRL,369.15,,39.21,,
2024-02-29,BUY,XNAS:AAPL,AAPL,4,105.86,USD,,1,,,
2024-03-01,BUY,XBOG:PFBCOLOM,PFBCOLOM,1900,35727.35,COP,,1,,,
2024-03-02,BUY,XNAS:MSFT,MSFT,7,342.40,USD,,1,,,
2024-03-04,BUY,XNAS:NVDA,NVDA,16,117.11,USD,,1,,,
2024-03-05,BUY,XNAS:MSFT,MSFT,3,321.46,USD,,1,,,
2024-03-06,SELL,XNAS:MSFT,MSFT,100,252.15,USD,,1,,,
2024-03-08,DIVIDEND,XBOG:PFBCOLOM,PFBCOLOM,,,COP,354.98,,30.21,,
2024-03-10,SELL,XBOG:PFBCOLOM,PFBCOLOM,8820,39433.52,COP,,1,,,
2024-03-12,BUY,BVMF:PETR4,PETR4,3,44.13,BRL,,1,,,
2024-03-13,DIVIDEND,BVMF:PETR4,PETR4,,,BRL,410.08,,28.78,,
2024-03-15,SELL,XNAS:GOOGL,GOOGL,44,85.64,USD,,1,,,
2024-03-16,SELL,XBOG:ECOPETROL,ECOPETROL,6634,1940.87,COP,,1,,,
2024-03-17,BUY,XBOG:ECOPETROL,ECOPETROL,600,1948.94,COP,,1,,,
2024-03-18,BUY,XNAS:MSFT,MSFT,4,408.09,USD,,1,,,
2024-03-19,DIVIDEND,BVMF:ITUB4,ITUB4,,,BRL,421.73,,1.43,,
2024-03-20,SELL,XNYS:KO,KO,43,55.63,USD,,1,,,
2024-03-22,BUY,XNAS:MSFT,MSFT,1,305.55,USD,,1,,,
2024-03-24,BUY,XNAS:NVDA,NVDA,12,137.50,USD,,1,,,
2024-03-26,BUY,XBOG:ISA,ISA,1500,24434.34,COP,,1,,,
2024-03-28,BUY,XBOG:ECOPETROL,ECOPETROL,300,2428.87,COP,,1,,,
2024-03-29,DIVIDEND,BVMF:ITUB4,ITUB4,,,BRL,184.28,,43.77,,
2024-03-31,BUY,XNAS:AAPL,AAPL,19,197.32,USD,,1,,,
2024-04-01,SELL,XNAS:AAPL,AAPL,64,150.18,USD,,1,,,
2024-04-03,BUY,XNAS:GOOGL,GOOGL,18,100.54,USD,,1,,,
2024-04-05,BUY,BVMF:WEGE3,WEGE3,5,40.84,BRL,,1,,,
2024-04-07,BUY,BVMF:ITUB4,ITUB4,11,36.29,BRL,,1,,,
2024-04-09,BUY,XNAS:GOOGL,GOOGL,2,145.47,USD,,1,,,
2024-04-10,DEPOSIT,,,,,COP,20000000,,,,
2024-04-10,DEPOSIT,,,,,USD,5000,,,,
2024-04-10,DEPOSIT,,,,,BRL,20000,,,,
2024-04-11,BUY,BVMF:PETR4,PETR4,5,44.90,BRL,,1,,,
2024-04-13,BUY,XNAS:NVDA,NVDA,9,78.27,USD,,1,,,
2024-04-14,BUY,XBOG:ISA,ISA,100,18649.89,COP,,1,,,
2024-04-15,BUY,BVMF:PETR4,PETR4,11,21.31,BRL,,1,,,
2024-04-17,BUY,BVMF:ITUB4,ITUB4,11,22.62,BRL,,1,,,
2024-04-19,BUY,ARCX:VOO,VOO,8,494.25,USD,,1,,,
2024-04-21,BUY,XNAS:MSFT,MSFT,14,233.95,USD,,1,,,
2024-04-22,BUY,XNAS:MSFT,MSFT,15,332.77,USD,,1,,,
2024-04-24,BUY,XNAS:MSFT,MSFT,4,347.23,USD,,1,,,
2024-04-26,BUY,ARCX:VOO,VOO,20,520.60,USD,,1,,,
2024-04-27,BUY,XBOG:PFBCOLOM,PFBCOLOM,1600,31280.75,COP,,1,,,
2024-04-28,BUY,XBOG:PFBCOLOM,PFBCOLOM,1100,30413.80,COP,,1,,,
2024-04-30,BUY,XBOG:ECOPETROL,ECOPETROL,300,1950.05,COP,,1,,,
2024-05-02,BUY,XNYS:KO,KO,19,78.56,USD,,1,,,
2024-05-03,SELL,XNAS:AAPL,AAPL,48,204.14,USD,,1,,,
2024-05-05,BUY,XNAS:MSFT,MSFT,15,238.34,USD,,1,,,
2024-05-06,BUY,ARCX:VOO,VOO,3,471.09,USD,,1,,,
2024-05-08,BUY,ARCX:VOO,VOO,15,306.14,USD,,1,,,
2024-05-10,DIVIDEND,XBOG:PFBCOLOM,PFBCOLOM,,,COP,315.95,,29.75,,
2024-05-11,BUY,XBOG:ISA,ISA,100,11518.24,COP,,1,,,
2024-05-13,BUY,XNAS:NVDA,NVDA,6,94.52,USD,,1,,,
2024-05-14,BUY,XBOG:ECOPETROL,ECOPETROL,1900,3100.59,COP,,1,,,
2024-05-16,DIVIDEND,XBOG:ISA,ISA,,,COP,176.06,,13.72,,
2024-05-18,BUY,XNAS:GOOGL,GOOGL,2,158.09,USD,,1,,,
2024-05-19,SELL,XNAS:NVDA,NVDA,49,95.75,USD,,1,,,
2024-05-20,BUY,XNAS:GOOGL,GOOGL,10,134.56,USD,,1,,,
2024-05-21,BUY,XNAS:MSFT,MSFT,9,288.14,USD,,1,,,
2024-05-23,DIVIDEND,XNAS:NVDA,NVDA,,,USD,338.15,,37.71,,
2024-05-25,BUY,XNAS:GOOGL,GOOGL,14,109.75,USD,,1,,,
2024-05-27,SELL,BVMF:PETR4,PETR4,96,31.43,BRL,,1,,,
2024-05-28,BUY,ARCX:VOO,VOO,9,488.42,USD,,1,,,
2024-05-30,BUY,XNAS:MSFT,MSFT,11,335.77,USD,,1,,,
2024-05-31,BUY,ARCX:VOO,VOO,14,553.11,USD,,1,,,
2024-06-02,BUY,ARCX:VOO,VOO,17,406.39,USD,,1,,,
2024-06-03,BUY,XNYS:KO,KO,18,70.44,USD,,1,,,
2024-06-04,BUY,BVMF:ITUB4,ITUB4,1,21.38,BRL,,1,,,
2024-06-05,BUY,XBOG:PFBCOLOM,PFBCOLOM,1700,25741.77,COP,,1,,,
2024-06-07,DEPOSIT,,,,,COP,20000000,,,,
2024-06-07,DEPOSIT,,,,,USD,5000,,,,
2024-06-07,DEPOSIT,,,,,BRL,20000,,,,
2024-06-08,BUY,XNAS:NVDA,NVDA,3,92.00,USD,,1,,,
2024-06-10,BUY,XNYS:KO,KO,5,68.72,USD,,1,,,
2024-06-12,BUY,XNAS:MSFT,MSFT,11,244.31,USD,,1,,,
2024-06-14,SELL,XNAS:GOOGL,GOOGL,45,189.74,USD,,1,,,
2024-06-16,BUY,XBOG:ECOPETROL,ECOPETROL,200,1970.70,COP,,1,,,
2024-06-17,SELL,XBOG:ISA,ISA,6746,21095.36,COP,,1,,,
2024-06-19,BUY,XNYS:KO,KO,1,53.73,USD,,1,,,
2024-06-21,BUY,XBOG:PFBCOLOM,PFBCOLOM,1000,32043.09,COP,,1,,,
2024-06-23,BUY,XBOG:ECOPETROL,ECOPETROL,1700,1553.22,COP,,1,,,
2024-06-24,BUY,XNAS:AAPL,AAPL,9,136.27,USD,,1,,,
2024-06-25,BUY,XBOG:ECOPETROL,ECOPETROL,1900,2996.23,COP,,1,,,
2024-06-27,BUY,XBOG:ECOPETROL,ECOPETROL,1100,3113.75,COP,,1,,,
2024-06-28,BUY,BVMF:ITUB4,ITUB4,5,24.50,BRL,,1,,,
2024-06-30,BUY,BVMF:WEGE3,WEGE3,5,48.01,BRL,,1,,,
2024-07-01,BUY,XNAS:GOOGL,GOOGL,16,144.21,USD,,1,,,
2024-07-03,DIVIDEND,XBOG:ISA,ISA,,,COP,323.08,,1.05,,
2024-07-05,BUY,XNAS:AAPL,AAPL,16,188.99,USD,,1,,,
2024-07-07,BUY,XNAS:GOOGL,GOOGL,16,195.19,USD,,1,,,
2024-07-08,BUY,XNAS:GOOGL,GOOGL,7,154.24,USD,,1,,,
2024-07-09,BUY,BVMF:PETR4,PETR4,20,28.92,BRL,,1,,,
2024-07-11,BUY,XNAS:AAPL,AAPL,12,160.71,USD,,1,,,
2024-07-12,DIVIDEND,ARCX:VOO,VOO,,,USD,185.94,,18.92,,
2024-07-14,SELL,XNAS:NVDA,NVDA,38,127.44,USD,,1,,,
2024-07-15,BUY,XNAS:AAPL,AAPL,4,142.32,USD,,1,,,
2024-07-17,BUY,BVMF:PETR4,PETR4,8,31.18,BRL,,1,,,
2024-07-18,BUY,XNYS:KO,KO,5,58.65,USD,,1,,,
2024-07-19,DIVIDEND,XBOG:PFBCOLOM,PFBCOLOM,,,COP,74.36,,8.30,,
2024-07-20,SELL,XNAS:MSFT,MSFT,96,402.00,USD,,1,,,
2024-07-22,BUY,XNAS:GOOGL,GOOGL,10,173.00,USD,,1,,,
2024-07-24,BUY,XBOG:PFBCOLOM,PFBCOLOM,300,48953.83,COP,,1,,,
2024-07-26,BUY,XBOG:ISA,ISA,800,22491.38,COP,,1,,,
2024-07-28,BUY,XBOG:ECOPETROL,ECOPETROL,700,3213.48,COP,,1,,,
2024-07-30,BUY,BVMF:ITUB4,ITUB4,10,37.37,BRL,,1,,,
2024-07-31,DIVIDEND,BVMF:ITUB4,ITUB4,,,BRL,114.28,,4.75,,
2024-08-02,BUY,XBOG:ISA,ISA,1200,20948.32,COP,,1,,,
2024-08-03,DIVIDEND,XNAS:GOOGL,GOOGL,,,USD,268.14,,19.39,,
2024-08-04,BUY,XBOG:PFBCOLOM,PFBCOLOM,1200,42754.12,COP,,1,,,
2024-08-05,DEPOSIT,,,,,COP,20000000,,,,
2024-08-05,DEPOSIT,,,,,USD,5000,,,,
2024-08-05,DEPOSIT,,,,,BRL,20000,,,,
2024-08-07,BUY,XBOG:PFBCOLOM,PFBCOLOM,100,40776.20,COP,,1,,,
2024-08-08,BUY,XNYS:KO,KO,11,59.43,USD,,1,,,
2024-08-09,BUY,XNAS:NVDA,NVDA,16,120.36,USD,,1,,,
2024-08-10,SELL,BVMF:ITUB4,ITUB4,47,27.41,BRL,,1,,,
2024-08-12,BUY,XNAS:GOOGL,GOOGL,16,121.50,USD,,1,,,
2024-08-13,BUY,XNYS:KO,KO,13,36.28,USD,,1,,,
2024-08-14,BUY,XBOG:ISA,ISA,1400,23660.16,COP,,1,,,
2024-08-15,SELL,XBOG:PFBCOLOM,PFBCOLOM,8365,53495.01,COP,,1,,,
2024-08-16,DIVIDEND,XNAS:NVDA,NVDA,,,USD,110.99,,18.08,,
2024-08-18,SELL,BVMF:ITUB4,ITUB4,35,30.63,BRL,,1,,,
2024-08-19,BUY,BVMF:WEGE3,WEGE3,5,47.08,BRL,,1,,,
2024-08-20,BUY,BVMF:ITUB4,ITUB4,17,41.39,BRL,,1,,,
2024-08-22,SELL,BVMF:PETR4,PETR4,79,55.32,BRL,,1,,,
2024-08-23,DIVIDEND,ARCX:VOO,VOO,,,USD,122.95,,2.07,,
2024-08-25,BUY,XNYS:KO,KO,7,53.74,USD,,1,,,
2024-08-27,BUY,XNAS:GOOGL,GOOGL,4,115.39,USD,,1,,,
2024-08-28,BUY,XNAS:AAPL,AAPL,17,99.12,USD,,1,,,
2024-08-29,SELL,XNYS:KO,KO,52,59.16,USD,,1,,,
2024-08-31,BUY,XNAS:GOOGL,GOOGL,8,124.63,USD,,1,,,
2024-09-02,BUY,XBOG:ISA,ISA,500,16732.45,COP,,1,,,
2024-09-03,BUY,XNAS:MSFT,MSFT,18,301.98,USD,,1,,,
2024-09-05,DIVIDEND,ARCX:VOO,VOO,,,USD,437.66,,19.10,,
2024-09-07,SELL,XBOG:PFBCOLOM,PFBCOLOM,6274,25351.99,COP,,1,,,
2024-09-09,SELL,XNYS:KO,KO,39,47.11,USD,,1,,,
2024-09-10,SELL,XNAS:GOOGL,GOOGL,53,164.53,USD,,1,,,
2024-09-11,BUY,XNAS:AAPL,AAPL,11,176.49,USD,,1,,,
2024-09-13,DIVIDEND,XBOG:ECOPETROL,ECOPETROL,,,COP,376.00,,18.78,,
2024-09-14,BUY,XNAS:MSFT,MSFT,18,347.32,USD,,1,,,
2024-09-16,BUY,BVMF:WEGE3,WEGE3,14,24.28,BRL,,1,,,
2024-09-18,BUY,BVMF:PETR4,PETR4,12,46.40,BRL,,1,,,
2024-09-20,BUY,XNAS:AAPL,AAPL,20,109.11,USD,,1,,,
2024-09-21,BUY,XBOG:ECOPETROL,ECOPETROL,1000,1739.06,COP,,1,,,
2024-09-22,BUY,XNAS:MSFT,MSFT,10,244.27,USD,,1,,,
2024-09-23,BUY,XNAS:MSFT,MSFT,12,198.05,USD,,1,,,
2024-09-25,BUY,XNYS:KO,KO,18,43.22,USD,,1,,,
2024-09-26,BUY,BVMF:ITUB4,ITUB4,4,21.21,BRL,,1,,,
2024-09-27,BUY,XBOG:ISA,ISA,300,14748.27,COP,,1,,,
2024-09-28,DEPOSIT,,,,,COP,20000000,,,,
2024-09-28,DEPOSIT,,,,,USD,5000,,,,
2024-09-28,DEPOSIT,,,,,BRL,20000,,,,
2024-09-29,BUY,XNAS:GOOGL,GOOGL,2,188.41,USD,,1,,,
2024-10-01,DIVIDEND,XNAS:AAPL,AAPL,,,USD,455.26,,37.66,,
2024-10-03,BUY,BVMF:WEGE3,WEGE3,17,44.99,BRL,,1,,,
2024-10-05,DIVIDEND,XBOG:PFBCOLOM,PFBCOLOM,,,COP,446.45,,28.16,,
2024-10-07,BUY,BVMF:PETR4,PETR4,13,46.24,BRL,,1,,,
2024-10-08,BUY,XNAS:GOOGL,GOOGL,7,156.72,USD,,1,,,
2024-10-09,BUY,XNAS:NVDA,NVDA,20,121.86,USD,,1,,,
2024-10-10,BUY,XNYS:KO,KO,7,47.49,USD,,1,,,
2024-10-11,BUY,BVMF:WEGE3,WEGE3,10,53.74,BRL,,1,,,
2024-10-13,BUY,BVMF:ITUB4,ITUB4,7,35.47,BRL,,1,,,
2024-10-15,BUY,BVMF:PETR4,PETR4,17,26.47,BRL,,1,,,
2024-10-17,BUY,XNAS:NVDA,NVDA,2,75.09,USD,,1,,,
2024-10-19,SELL,XNAS:GOOGL,GOOGL,42,153.84,USD,,1,,,
2024-10-21,BUY,XBOG:PFBCOLOM,PFBCOLOM,2000,41615.67,COP,,1,,,
2024-10-22,BUY,XBOG:ISA,ISA,300,24454.12,COP,,1,,,
2024-10-23,BUY,XNAS:MSFT,MSFT,16,360.38,USD,,1,,,
2024-10-25,BUY,XNAS:MSFT,MSFT,20,257.12,USD,,1,,,
2024-10-26,BUY,XNAS:GOOGL,GOOGL,4,175.68,USD,,1,,,
2024-10-28,BUY,XNAS:AAPL,AAPL,18,170.46,USD,,1,,,
2024-10-29,BUY,XBOG:ECOPETROL,ECOPETROL,1500,2877.95,COP,,1,,,
2024-10-30,DIVIDEND,BVMF:WEGE3,WEGE3,,,BRL,302.68,,5.77,,
2024-10-31,BUY,XNAS:NVDA,NVDA,2,66.09,USD,,1,,,
2024-11-01,BUY,BVMF:PETR4,PETR4,8,42.17,BRL,,1,,,
2024-11-02,BUY,ARCX:VOO,VOO,18,340.99,USD,,1,,,
2024-11-04,BUY,XNAS:AAPL,AAPL,17,180.62,USD,,1,,,
2024-11-06,BUY,XNAS:AAPL,AAPL,1,108.11,USD,,1,,,
2024-11-08,DIVIDEND,BVMF:ITUB4,ITUB4,,,BRL,404.42,,5.77,,
2024-11-10,BUY,XNAS:MSFT,MSFT,5,335.99,USD,,1,,,
2024-11-12,DIVIDEND,ARCX:VOO,VOO,,,USD,302.05,,27.68,,
2024-11-13,DIVIDEND,BVMF:PETR4,PETR4,,,BRL,21.41,,24.47,,
2024-11-14,BUY,XBOG:PFBCOLOM,PFBCOLOM,400,21878.59,COP,,1,,,
2024-11-15,BUY,ARCX:VOO,VOO,10,307.05,USD,,1,,,
2024-11-16,BUY,BVMF:PETR4,PETR4,17,23.95,BRL,,1,,,
2024-11-18,BUY,ARCX:VOO,VOO,14,534.93,USD,,1,,,
2024-11-20,BUY,XNYS:KO,KO,10,39.60,USD,,1,,,
2024-11-21,BUY,XBOG:PFBCOLOM,PFBCOLOM,1200,44356.42,COP,,1,,,
2024-11-23,BUY,XBOG:ISA,ISA,1800,14864.69,COP,,1,,,
2024-11-24,DEPOSIT,,,,,COP,20000000,,,,
2024-11-24,DEPOSIT,,,,,USD,5000,,,,
2024-11-24,DEPOSIT,,,,,BRL,20000,,,,
2024-11-26,BUY,XNAS:MSFT,MSFT,15,337.22,USD,,1,,,
2024-11-27,SELL,BVMF:PETR4,PETR4,76,47.66,BRL,,1,,,
2024-11-28,SELL,BVMF:PETR4,PETR4,57,23.36,BRL,,1,,,
2024-11-29,BUY,BVMF:PETR4,PETR4,14,26.92,BRL,,1,,,
2024-12-01,BUY,BVMF:PETR4,PETR4,20,36.58,BRL,,1,,,
2024-12-03,DIVIDEND,XBOG:ISA,ISA,,,COP,27.78,,48.54,,
2024-12-05,BUY,XNYS:KO,KO,5,66.02,USD,,1,,,
2024-12-07,BUY,XNAS:GOOGL,GOOGL,4,119.23,USD,,1,,,
2024-12-08,BUY,XNAS:NVDA,NVDA,9,92.63,USD,,1,,,
2024-12-10,DIVIDEND,XBOG:PFBCOLOM,PFBCOLOM,,,COP,400.24,,43.24,,
2024-12-12,BUY,XBOG:PFBCOLOM,PFBCOLOM,700,41984.42,COP,,1,,,
2024-12-13,DIVIDEND,XNAS:AAPL,AAPL,,,USD,327.11,,5.84,,
2024-12-15,BUY,XNAS:AAPL,AAPL,13,190.89,USD,,1,,,
2024-12-16,BUY,BVMF:WEGE3,WEGE3,4,55.54,BRL,,1,,,
2024-12-17,BUY,XNAS:AAPL,AAPL,4,176.13,USD,,1,,,
2024-12-19,BUY,BVMF:ITUB4,ITUB4,4,21.97,BRL,,1,,,
2024-12-21,BUY,BVMF:WEGE3,WEGE3,14,46.27,BRL,,1,,,
2024-12-22,BUY,BVMF:PETR4,PETR4,5,31.25,BRL,,1,,,
2024-12-23,BUY,ARCX:VOO,VOO,18,391.82,USD,,1,,,
2024-12-24,BUY,XNAS:AAPL,AAPL,7,142.38,USD,,1,,,
2024-12-25,BUY,BVMF:WEGE3,WEGE3,7,30.36,BRL,,1,,,
2024-12-27,BUY,ARCX:VOO,VOO,20,392.58,USD,,1,,,
2024-12-28,SELL,BVMF:PETR4,PETR4,52,51.77,BRL,,1,,,
2024-12-29,BUY,BVMF:WEGE3,WEGE3,17,52.87,BRL,,1,,,
2024-12-30,DIVIDEND,XNAS:NVDA,NVDA,,,USD,421.83,,22.75,,
2025-01-01,BUY,BVMF:ITUB4,ITUB4,2,28.15,BRL,,1,,,
2025-01-03,SELL,XBOG:ECOPETROL,ECOPETROL,7776,3196.54,COP,,1,,,
2025-01-04,BUY,XBOG:ISA,ISA,1200,18302.99,COP,,1,,,
2025-01-05,SELL,XNAS:GOOGL,GOOGL,33,163.43,USD,,1,,,
2025-01-06,BUY,XNAS:GOOGL,GOOGL,16,98.60,USD,,1,,,
2025-01-07,BUY,XBOG:PFBCOLOM,PFBCOLOM,1400,26246.14,COP,,1,,,
2025-01-09,BUY,XBOG:ISA,ISA,300,16111.10,COP,,1,,,
2025-01-11,SELL,XNAS:GOOGL,GOOGL,29,97.16,USD,,1,,,
2025-01-13,SELL,XBOG:PFBCOLOM,PFBCOLOM,6131,27107.29,COP,,1,,,
2025-01-15,DIVIDEND,XNAS:GOOGL,GOOGL,,,USD,17.53,,34.56,,
2025-01-17,BUY,XNAS:MSFT,MSFT,20,282.25,USD,,1,,,
2025-01-19,SELL,XNAS:GOOGL,GOOGL,22,149.03,USD,,1,,,
2025-01-20,DEPOSIT,,,,,COP,20000000,,,,
2025-01-20,DEPOSIT,,,,,USD,5000,,,,
2025-01-20,DEPOSIT,,,,,BRL,20000,,,,
2025-01-21,SELL,XNAS:AAPL,AAPL,73,126.67,USD,,1,,,
2025-01-22,SELL,XBOG:PFBCOLOM,PFBCOLOM,4598,46743.38,COP,,1,,,
2025-01-24,BUY,XNAS:NVDA,NVDA,3,137.82,USD,,1,,,
2025-01-26,BUY,XBOG:ISA,ISA,1900,14569.97,COP,,1,,,
2025-01-28,BUY,ARCX:VOO,VOO,7,375.20,USD,,1,,,
2025-01-29,DIVIDEND,ARCX:VOO,VOO,,,USD,148.96,,2.38,,
2025-01-31,BUY,XNYS:KO,KO,18,68.83,USD,,1,,,
2025-02-01,BUY,XNAS:AAPL,AAPL,6,156.49,USD,,1,,,
2025-02-03,BUY,XNAS:NVDA,NVDA,5,90.21,USD,,1,,,
2025-02-05,DIVIDEND,XNAS:MSFT,MSFT,,,USD,482.61,,48.29,,
2025-02-07,BUY,BVMF:ITUB4,ITUB4,13,24.67,BRL,,1,,,
2025-02-09,DIVIDEND,BVMF:WEGE3,WEGE3,,,BRL,423.48,,4.95,,
2025-02-10,BUY,BVMF:PETR4,PETR4,13,38.27,BRL,,1,,,
2025-02-12,BUY,XNAS:GOOGL,GOOGL,19,93.74,USD,,1,,,
2025-02-13,BUY,XBOG:PFBCOLOM,PFBCOLOM,700,25029.74,COP,,1,,,
2025-02-14,BUY,XBOG:ECOPETROL,ECOPETROL,100,1799.73,COP,,1,,,
2025-02-15,BUY,XNAS:AAPL,AAPL,5,91.37,USD,,1,,,
2025-02-17,BUY,XBOG:PFBCOLOM,PFBCOLOM,1500,32295.33,COP,,1,,,
2025-02-19,BUY,ARCX:VOO,VOO,10,447.59,USD,,1,,,
2025-02-21,BUY,XBOG:ECOPETROL,ECOPETROL,1400,1864.08,COP,,1,,,
2025-02-22,BUY,XBOG:ISA,ISA,1900,11485.05,COP,,1,,,
2025-02-24,BUY,XNAS:AAPL,AAPL,12,104.33,USD,,1,,,
2025-02-25,BUY,XBOG:ECOPETROL,ECOPETROL,400,2865.17,COP,,1,,,
2025-02-26,BUY,XNYS:KO,KO,7,78.40,USD,,1,,,
2025-02-28,SELL,XBOG:ISA,ISA,7959,14397.43,COP,,1,,,
2025-03-02,BUY,XBOG:ISA,ISA,1900,20737.59,COP,,1,,,
2025-03-03,DIVIDEND,ARCX:VOO,VOO,,,USD,202.61,,33.59,,
2025-03-05,BUY,BVMF:ITUB4,ITUB4,4,37.82,BRL,,1,,,
2025-03-07,BUY,XNAS:MSFT,MSFT,10,298.13,USD,,1,,,
2025-03-09,BUY,XNAS:GOOGL,GOOGL,13,163.78,USD,,1,,,
2025-03-11,BUY,XNAS:MSFT,MSFT,11,374.08,USD,,1,,,
2025-03-13,BUY,BVMF:ITUB4,ITUB4,16,28.64,BRL,,1,,,
2025-03-14,DIVIDEND,XNAS:AAPL,AAPL,,,USD,375.33,,22.99,,
2025-03-15,BUY,XNAS:NVDA,NVDA,18,95.13,USD,,1,,,
2025-03-16,DIVIDEND,ARCX:VOO,VOO,,,USD,56.65,,44.38,,
2025-03-18,SELL,XBOG:PFBCOLOM,PFBCOLOM,3998,36410.50,COP,,1,,,
2025-03-20,BUY,XNYS:KO,KO,3,36.61,USD,,1,,,
2025-03-22,DEPOSIT,,,,,COP,20000000,,,,
2025-03-22,DEPOSIT,,,,,USD,5000,,,,
2025-03-22,DEPOSIT,,,,,BRL,20000,,,,
2025-03-23,BUY,XNAS:AAPL,AAPL,12,179.10,USD,,1,,,
2025-03-25,BUY,XNAS:NVDA,NVDA,3,109.94,USD,,1,,,
2025-03-27,BUY,XNAS:MSFT,MSFT,15,270.18,USD,,1,,,
2025-03-28,BUY,XNAS:MSFT,MSFT,7,265.88,USD,,1,,,
2025-03-30,BUY,BVMF:PETR4,PETR4,4,22.13,BRL,,1,,,
2025-03-31,BUY,XNAS:MSFT,MSFT,7,280.12,USD,,1,,,
2025-04-02,BUY,BVMF:WEGE3,WEGE3,12,35.06,BRL,,1,,,
2025-04-04,BUY,XBOG:ISA,ISA,800,24115.02,COP,,1,,,
2025-04-06,BUY,BVMF:ITUB4,ITUB4,17,26.77,BRL,,1,,,
2025-04-08,BUY,XNYS:KO,KO,6,56.60,USD,,1,,,
2025-04-10,BUY,XBOG:ISA,ISA,1700,24520.16,COP,,1,,,
2025-04-12,BUY,BVMF:WEGE3,WEGE3,3,53.79,BRL,,1,,,
2025-04-13,SELL,XNAS:NVDA,NVDA,48,99.54,USD,,1,,,
2025-04-14,BUY,XNYS:KO,KO,2,50.59,USD,,1,,,
2025-04-15,BUY,XBOG:ISA,ISA,1200,25082.33,COP,,1,,,
2025-04-16,SELL,XNAS:GOOGL,GOOGL,24,90.82,USD,,1,,,
2025-04-18,DIVIDEND,BVMF:PETR4,PETR4,,,BRL,337.30,,21.74,,
2025-04-20,BUY,XBOG:ECOPETROL,ECOPETROL,1200,2474.16,COP,,1,,,
2025-04-22,BUY,ARCX:VOO,VOO,1,391.49,USD,,1,,,
2025-04-24,BUY,XNAS:NVDA,NVDA,12,83.72,USD,,1,,,
2025-04-26,BUY,XNAS:MSFT,MSFT,5,183.14,USD,,1,,,
2025-04-28,BUY,BVMF:ITUB4,ITUB4,10,18.72,BRL,,1,,,
2025-04-29,SELL,BVMF:ITUB4,ITUB4,50,44.87,BRL,,1,,,
2025-04-30,BUY,XNAS:GOOGL,GOOGL,16,90.62,USD,,1,,,
2025-05-01,SELL,XBOG:PFBCOLOM,PFBCOLOM,2999,43374.18,COP,,1,,,
2025-05-03,BUY,XBOG:PFBCOLOM,PFBCOLOM,400,33192.49,COP,,1,,,
2025-05-04,BUY,XNAS:AAPL,AAPL,9,123.05,USD,,1,,,
2025-05-06,SELL,XNAS:AAPL,AAPL,66,190.01,USD,,1,,,
2025-05-07,DIVIDEND,XNYS:KO,KO,,,USD,469.01,,25.84,,
2025-05-08,SELL,BVMF:WEGE3,WEGE3,83,27.01,BRL,,1,,,
2025-05-10,BUY,BVMF:ITUB4,ITUB4,20,22.49,BRL,,1,,,
2025-05-11,SELL,XNYS:KO,KO,48,37.79,USD,,1,,,
2025-05-12,BUY,BVMF:ITUB4,ITUB4,5,38.06,BRL,,1,,,
2025-05-14,BUY,BVMF:WEGE3,WEGE3,14,34.57,BRL,,1,,,
2025-05-15,SELL,ARCX:VOO,VOO,94,306.54,USD,,1,,,
2025-05-16,BUY,XNAS:GOOGL,GOOGL,4,140.45,USD,,1,,,
2025-05-17,SELL,ARCX:VOO,VOO,70,583.85,USD,,1,,,
2025-05-19,DEPOSIT,,,,,COP,20000000,,,,
2025-05-19,DEPOSIT,,,,,USD,5000,,,,
2025-05-19,DEPOSIT,,,,,BRL,20000,,,,
2025-05-20,BUY,BVMF:PETR4,PETR4,15,24.26,BRL,,1,,,
2025-05-21,SELL,ARCX:VOO,VOO,53,532.76,USD,,1,,,
2025-05-23,BUY,XBOG:ECOPETROL,ECOPETROL,500,1868.04,COP,,1,,,
2025-05-25,BUY,BVMF:ITUB4,ITUB4,4,22.81,BRL,,1,,,
2025-05-26,BUY,XNAS:AAPL,AAPL,4,159.94,USD,,1,,,
2025-05-27,BUY,XBOG:PFBCOLOM,PFBCOLOM,1800,33017.58,COP,,1,,,
2025-05-28,SELL,XNYS:KO,KO,36,92.33,USD,,1,,,
2025-05-29,BUY,XNAS:AAPL,AAPL,15,174.42,USD,,1,,,
2025-05-30,BUY,BVMF:PETR4,PETR4,2,24.92,BRL,,1,,,
2025-06-01,DIVIDEND,BVMF:PETR4,PETR4,,,BRL,260.39,,32.37,,
2025-06-02,BUY,BVMF:PETR4,PETR4,10,28.00,BRL,,1,,,
2025-06-03,BUY,BVMF:PETR4,PETR4,8,29.64,BRL,,1,,,
2025-06-05,BUY,XBOG:ISA,ISA,1600,24789.87,COP,,1,,,
2025-06-07,SELL,XBOG:ISA,ISA,7770,27446.95,COP,,1,,,
2025-06-08,BUY,XNYS:KO,KO,15,61.14,USD,,1,,,
2025-06-09,BUY,XBOG:PFBCOLOM,PFBCOLOM,1800,32246.01,COP,,1,,,
2025-06-10,DIVIDEND,BVMF:PETR4,PETR4,,,BRL,376.85,,15.81,,
2025-06-11,DIVIDEND,BVMF:ITUB4,ITUB4,,,BRL,448.54,,32.29,,
2025-06-12,BUY,XBOG:PFBCOLOM,PFBCOLOM,800,25341.14,COP,,1,,,
2025-06-14,BUY,ARCX:VOO,VOO,10,548.48,USD,,1,,,
2025-06-15,BUY,BVMF:WEGE3,WEGE3,2,44.75,BRL,,1,,,
2025-06-17,BUY,XBOG:ISA,ISA,1400,15608.80,COP,,1,,,
2025-06-19,SELL,XNAS:NVDA,NVDA,39,117.68,USD,,1,,,
2025-06-21,BUY,XBOG:ISA,ISA,1200,17236.10,COP,,1,,,
2025-06-22,BUY,BVMF:ITUB4,ITUB4,17,41.00,BRL,,1,,,
2025-06-23,SELL,XNAS:MSFT,MSFT,119,346.30,USD,,1,,,
2025-06-24,SELL,BVMF:ITUB4,ITUB4,49,33.24,BRL,,1,,,
2025-06-26,DIVIDEND,BVMF:PETR4,PETR4,,,BRL,213.25,,26.49,,
2025-06-28,SELL,BVMF:ITUB4,ITUB4,36,36.82,BRL,,1,,,
2025-06-29,SELL,BVMF:WEGE3,WEGE3,67,38.29,BRL,,1,,,
2025-07-01,DIVIDEND,XBOG:ECOPETROL,ECOPETROL,,,COP,213.07,,46.77,,
2025-07-02,SELL,XNYS:KO,KO,31,91.76,USD,,1,,,
2025-07-03,SELL,XBOG:ECOPETROL,ECOPETROL,6732,1965.72,COP,,1,,,
2025-07-05,BUY,BVMF:WEGE3,WEGE3,2,24.72,BRL,,1,,,
2025-07-06,BUY,XBOG:ECOPETROL,ECOPETROL,1000,1945.35,COP,,1,,,
2025-07-07,SELL,ARCX:VOO,VOO,42,404.44,USD,,1,,,
2025-07-08,BUY,XNYS:KO,KO,12,55.35,USD,,1,,,
2025-07-10,DEPOSIT,,,,,COP,20000000,,,,
2025-07-10,DEPOSIT,,,,,USD,5000,,,,
2025-07-10,DEPOSIT,,,,,BRL,20000,,,,
2025-07-12,BUY,ARCX:VOO,VOO,5,376.59,USD,,1,,,
2025-07-13,BUY,XBOG:ECOPETROL,ECOPETROL,800,1635.19,COP,,1,,,
2025-07-14,DIVIDEND,XNYS:KO,KO,,,USD,243.46,,11.53,,
2025-07-15,BUY,BVMF:PETR4,PETR4,4,40.40,BRL,,1,,,
2025-07-16,SELL,XBOG:ISA,ISA,6477,18613.73,COP,,1,,,
2025-07-17,DIVIDEND,XBOG:ISA,ISA,,,COP,248.42,,26.57,,
2025-07-18,BUY,ARCX:VOO,VOO,10,315.93,USD,,1,,,
2025-07-19,BUY,XBOG:ECOPETROL,ECOPETROL,1400,3195.18,COP,,1,,,
2025-07-21,BUY,BVMF:ITUB4,ITUB4,16,23.11,BRL,,1,,,
2025-07-22,BUY,XBOG:ISA,ISA,1200,21811.57,COP,,1,,,
2025-07-24,BUY,BVMF:WEGE3,WEGE3,8,28.50,BRL,,1,,,
2025-07-26,SELL,XNAS:GOOGL,GOOGL,23,199.42,USD,,1,,,
2025-07-28,DIVIDEND,XBOG:ECOPETROL,ECOPETROL,,,COP,100.40,,11.29,,
2025-07-30,BUY,BVMF:WEGE3,WEGE3,17,35.82,BRL,,1,,,
2025-07-31,BUY,XNAS:NVDA,NVDA,15,93.38,USD,,1,,,
2025-08-01,BUY,ARCX:VOO,VOO,6,450.48,USD,,1,,,
2025-08-02,SELL,BVMF:PETR4,PETR4,53,53.27,BRL,,1,,,
2025-08-03,BUY,ARCX:VOO,VOO,11,462.82,USD,,1,,,
2025-08-05,BUY,XNAS:AAPL,AAPL,12,192.20,USD,,1,,,
2025-08-07,BUY,BVMF:PETR4,PETR4,14,39.08,BRL,,1,,,
2025-08-08,DIVIDEND,ARCX:VOO,VOO,,,USD,176.13,,12.30,,
2025-08-10,SELL,XNAS:AAPL,AAPL,57,117.90,USD,,1,,,
2025-08-12,BUY,BVMF:PETR4,PETR4,11,23.63,BRL,,1,,,
2025-08-14,BUY,XBOG:ECOPETROL,ECOPETROL,1000,1890.60,COP,,1,,,
2025-08-15,SELL,XNYS:KO,KO,26,44.43,USD,,1,,,
2025-08-17,BUY,XBOG:PFBCOLOM,PFBCOLOM,900,27853.33,COP,,1,,,
2025-08-18,BUY,XNAS:GOOGL,GOOGL,18,95.65,USD,,1,,,
2025-08-20,BUY,XNYS:KO,KO,9,44.29,USD,,1,,,
2025-08-22,DIVIDEND,BVMF:PETR4,PETR4,,,BRL,394.85,,24.46,,
2025-08-24,BUY,XNAS:MSFT,MSFT,18,275.05,USD,,1,,,
2025-08-26,BUY,XNAS:GOOGL,GOOGL,14,186.68,USD,,1,,,
2025-08-28,BUY,XNYS:KO,KO,8,82.01,USD,,1,,,
2025-08-29,BUY,XNAS:NVDA,NVDA,4,103.36,USD,,1,,,
2025-08-30,DIVIDEND,BVMF:PETR4,PETR4,,,BRL,210.04,,7.39,,
2025-09-01,BUY,XNYS:KO,KO,10,78.50,USD,,1,,,
2025-09-03,BUY,XNAS:NVDA,NVDA,20,107.31,USD,,1,,,
2025-09-05,BUY,BVMF:PETR4,PETR4,6,37.88,BRL,,1,,,
2025-09-06,DEPOSIT,,,,,COP,20000000,,,,
2025-09-06,DEPOSIT,,,,,USD,5000,,,,
2025-09-06,DEPOSIT,,,,,BRL,20000,,,,
2025-09-08,DIVIDEND,BVMF:WEGE3,WEGE3,,,BRL,486.65,,17.46,,
2025-09-09,BUY,XNAS:NVDA,NVDA,18,93.15,USD,,1,,,
2025-09-10,BUY,BVMF:PETR4,PETR4,20,26.35,BRL,,1,,,
2025-09-11,BUY,ARCX:VOO,VOO,11,406.70,USD,,1,,,
2025-09-12,DIVIDEND,BVMF:PETR4,PETR4,,,BRL,32.97,,7.43,,
2025-09-14,BUY,XBOG:ECOPETROL,ECOPETROL,200,2014.31,COP,,1,,,
2025-09-16,BUY,XNAS:NVDA,NVDA,13,135.30,USD,,1,,,
2025-09-18,BUY,XNAS:GOOGL,GOOGL,19,147.56,USD,,1,,,
2025-09-20,DIVIDEND,BVMF:ITUB4,ITUB4,,,BRL,131.50,,15.03,,
2025-09-21,BUY,XNAS:GOOGL,GOOGL,1,124.89,USD,,1,,,
2025-09-22,BUY,BVMF:WEGE3,WEGE3,11,47.46,BRL,,1,,,
2025-09-23,BUY,XNAS:AAPL,AAPL,4,95.48,USD,,1,,,
2025-09-25,DIVIDEND,XNAS:MSFT,MSFT,,,USD,357.11,,31.72,,
2025-09-27,SELL,XBOG:PFBCOLOM,PFBCOLOM,3674,50875.77,COP,,1,,,
2025-09-29,BUY,XNAS:AAPL,AAPL,2,199.32,USD,,1,,,
2025-10-01,SELL,XBOG:ISA,ISA,5158,17124.94,COP,,1,,,
2025-10-02,BUY,XNAS:NVDA,NVDA,7,139.22,USD,,1,,,
2025-10-04,SELL,XNAS:NVDA,NVDA,48,94.26,USD,,1,,,
2025-10-06,BUY,XBOG:PFBCOLOM,PFBCOLOM,600,31396.22,COP,,1,,,
2025-10-08,BUY,XNAS:MSFT,MSFT,19,283.97,USD,,1,,,
2025-10-10,BUY,XNAS:MSFT,MSFT,20,378.75,USD,,1,,,
2025-10-12,DIVIDEND,XBOG:PFBCOLOM,PFBCOLOM,,,COP,292.82,,43.94,,
2025-10-14,BUY,XBOG:PFBCOLOM,PFBCOLOM,1000,29009.53,COP,,1,,,
2025-10-15,BUY,XNAS:MSFT,MSFT,9,349.07,USD,,1,,,
2025-10-17,BUY,XBOG:ECOPETROL,ECOPETROL,1200,2378.68,COP,,1,,,
2025-10-18,BUY,XNAS:AAPL,AAPL,6,156.88,USD,,1,,,
2025-10-19,BUY,XBOG:ISA,ISA,2000,11016.66,COP,,1,,,
2025-10-21,BUY,BVMF:ITUB4,ITUB4,6,37.53,BRL,,1,,,
2025-10-23,BUY,BVMF:WEGE3,WEGE3,8,37.24,BRL,,1,,,
2025-10-24,BUY,XBOG:ECOPETROL,ECOPETROL,1100,2209.94,COP,,1,,,
2025-10-25,DIVIDEND,XBOG:ISA,ISA,,,COP,169.73,,48.51,,
2025-10-26,SELL,XBOG:ECOPETROL,ECOPETROL,6724,2759.11,COP,,1,,,
2025-10-28,BUY,XNAS:NVDA,NVDA,13,136.20,USD,,1,,,
2025-10-30,BUY,XNYS:KO,KO,11,71.06,USD,,1,,,
2025-11-01,BUY,BVMF:PETR4,PETR4,3,41.05,BRL,,1,,,
2025-11-03,BUY,BVMF:WEGE3,WEGE3,4,26.29,BRL,,1,,,
2025-11-04,BUY,XBOG:PFBCOLOM,PFBCOLOM,900,29331.36,COP,,1,,,
2025-11-06,DEPOSIT,,,,,COP,20000000,,,,
2025-11-06,DEPOSIT,,,,,USD,5000,,,,
2025-11-06,DEPOSIT,,,,,BRL,20000,,,,
2025-11-08,BUY,BVMF:WEGE3,WEGE3,19,36.82,BRL,,1,,,
2025-11-10,SELL,BVMF:WEGE3,WEGE3,67,50.07,BRL,,1,,,
2025-11-12,BUY,XNAS:GOOGL,GOOGL,7,98.86,USD,,1,,,
2025-11-13,BUY,XNAS:AAPL,AAPL,18,139.88,USD,,1,,,
2025-11-14,BUY,BVMF:WEGE3,WEGE3,15,33.30,BRL,,1,,,
2025-11-15,BUY,XBOG:PFBCOLOM,PFBCOLOM,2000,24384.17,COP,,1,,,
2025-11-17,BUY,BVMF:PETR4,PETR4,12,46.27,BRL,,1,,,
2025-11-19,BUY,BVMF:ITUB4,ITUB4,4,36.10,BRL,,1,,,
2025-11-21,BUY,BVMF:PETR4,PETR4,10,33.12,BRL,,1,,,
2025-11-22,DIVIDEND,XBOG:ISA,ISA,,,COP,376.70,,11.28,,
2025-11-24,BUY,XBOG:PFBCOLOM,PFBCOLOM,2000,38367.96,COP,,1,,,
2025-11-25,BUY,XBOG:PFBCOLOM,PFBCOLOM,1200,45901.32,COP,,1,,,
2025-11-27,BUY,XNAS:MSFT,MSFT,6,193.49,USD,,1,,,
2025-11-28,SELL,XNAS:NVDA,NVDA,40,65.80,USD,,1,,,
2025-11-29,BUY,XNAS:AAPL,AAPL,14,160.43,USD,,1,,,
2025-12-01,SELL,XNYS:KO,KO,29,65.16,USD,,1,,,
2025-12-02,BUY,XNYS:KO,KO,9,58.07,USD,,1,,,
2025-12-03,BUY,XNYS:KO,KO,12,59.15,USD,,1,,,
2025-12-05,DIVIDEND,XNAS:NVDA,NVDA,,,USD,121.10,,44.17,,
2025-12-07,BUY,XBOG:ECOPETROL,ECOPETROL,1800,3115.37,COP,,1,,,
2025-12-09,BUY,BVMF:PETR4,PETR4,14,25.83,BRL,,1,,,
2025-12-10,BUY,BVMF:ITUB4,ITUB4,18,31.77,BRL,,1,,,
2025-12-11,DIVIDEND,XNAS:GOOGL,GOOGL,,,USD,384.52,,38.25,,
2025-12-12,BUY,BVMF:ITUB4,ITUB4,2,34.20,BRL,,1,,,
2025-12-14,BUY,XNAS:MSFT,MSFT,20,406.63,USD,,1,,,
2025-12-15,BUY,BVMF:WEGE3,WEGE3,19,53.59,BRL,,1,,,
2025-12-17,BUY,XBOG:ISA,ISA,500,18375.09,COP,,1,,,
2025-12-19,BUY,XBOG:ISA,ISA,900,14026.10,COP,,1,,,
2025-12-21,SELL,BVMF:PETR4,PETR4,62,29.38,BRL,,1,,,
2025-12-23,BUY,XNAS:AAPL,AAPL,3,114.56,USD,,1,,,
2025-12-24,BUY,XBOG:PFBCOLOM,PFBCOLOM,1300,45948.13,COP,,1,,,
2025-12-26,BUY,ARCX:VOO,VOO,17,360.04,USD,,1,,,
2025-12-27,BUY,XNAS:NVDA,NVDA,18,129.89,USD,,1,,,
2025-12-28,BUY,XBOG:ECOPETROL,ECOPETROL,1900,2673.75,COP,,1,,,
2025-12-29,BUY,ARCX:VOO,VOO,11,453.47,USD,,1,,,
2025-12-31,BUY,XNAS:GOOGL,GOOGL,5,85.19,USD,,1,,,
2026-01-01,BUY,XNAS:MSFT,MSFT,10,271.88,USD,,1,,,
2026-01-02,DEPOSIT,,,,,COP,20000000,,,,
2026-01-02,DEPOSIT,,,,,USD,5000,,,,
2026-01-02,DEPOSIT,,,,,BRL,20000,,,,
2026-01-04,DIVIDEND,BVMF:PETR4,PETR4,,,BRL,484.99,,49.71,,
2026-01-06,BUY,BVMF:WEGE3,WEGE3,14,27.97,BRL,,1,,,
2026-01-08,SELL,XBOG:PFBCOLOM,PFBCOLOM,5006,38871.27,COP,,1,,,
2026-01-09,BUY,XBOG:ECOPETROL,ECOPETROL,300,1576.45,COP,,1,,,
2026-01-11,DIVIDEND,XBOG:ISA,ISA,,,COP,254.44,,37.30,,
2026-01-13,BUY,BVMF:WEGE3,WEGE3,5,35.63,BRL,,1,,,
2026-01-15,BUY,XNYS:KO,KO,10,47.60,USD,,1,,,
2026-01-16,BUY,XNAS:NVDA,NVDA,3,134.58,USD,,1,,,
2026-01-17,BUY,XNAS:MSFT,MSFT,3,234.77,USD,,1,,,
2026-01-19,SELL,XNAS:AAPL,AAPL,54,166.29,USD,,1,,,
2026-01-21,SELL,XNYS:KO,KO,29,68.76,USD,,1,,,
2026-01-23,BUY,BVMF:WEGE3,WEGE3,12,31.08,BRL,,1,,,
2026-01-24,SELL,XBOG:PFBCOLOM,PFBCOLOM,3754,36221.09,COP,,1,,,
2026-01-25,SELL,XNAS:GOOGL,GOOGL,34,128.72,USD,,1,,,
2026-01-26,DIVIDEND,XNAS:AAPL,AAPL,,,USD,104.99,,40.58,,
2026-01-27,DIVIDEND,XNAS:MSFT,MSFT,,,USD,376.23,,16.48,,
2026-01-28,BUY,XBOG:PFBCOLOM,PFBCOLOM,1200,29359.06,COP,,1,,,
2026-01-29,SELL,BVMF:WEGE3,WEGE3,67,48.18,BRL,,1,,,
2026-01-31,BUY,BVMF:ITUB4,ITUB4,17,29.13,BRL,,1,,,
2026-02-02,BUY,XNAS:GOOGL,GOOGL,17,175.61,USD,,1,,,
2026-02-04,BUY,BVMF:WEGE3,WEGE3,13,36.64,BRL,,1,,,
2026-02-05,DIVIDEND,XNAS:GOOGL,GOOGL,,,USD,143.86,,31.52,,
2026-02-06,DIVIDEND,XBOG:ISA,ISA,,,COP,216.76,,19.72,,
2026-02-07,BUY,XNAS:AAPL,AAPL,9,101.36,USD,,1,,,
2026-02-09,SELL,XNYS:KO,KO,22,58.53,USD,,1,,,
2026-02-10,BUY,XNYS:KO,KO,19,62.13,USD,,1,,,
2026-02-12,BUY,XNAS:MSFT,MSFT,20,201.40,USD,,1,,,
2026-02-13,BUY,ARCX:VOO,VOO,4,300.38,USD,,1,,,
2026-02-15,BUY,XBOG:ECOPETROL,ECOPETROL,1600,2988.38,COP,,1,,,
2026-02-17,BUY,BVMF:PETR4,PETR4,13,37.33,BRL,,1,,,
2026-02-19,BUY,XNAS:GOOGL,GOOGL,6,118.97,USD,,1,,,
2026-02-20,BUY,XNYS:KO,KO,15,48.12,USD,,1,,,
2026-02-22,BUY,BVMF:PETR4,PETR4,14,41.19,BRL,,1,,,
2026-02-24,DIVIDEND,XBOG:ECOPETROL,ECOPETROL,,,COP,116.52,,7.63,,
2026-02-26,BUY,BVMF:WEGE3,WEGE3,4,55.69,BRL,,1,,,
2026-02-27,BUY,XNAS:NVDA,NVDA,17,87.56,USD,,1,,,
2026-02-28,SELL,BVMF:PETR4,PETR4,54,32.49,BRL,,1,,,
2026-03-01,DEPOSIT,,,,,COP,20000000,,,,
2026-03-01,DEPOSIT,,,,,USD,5000,,,,
2026-03-01,DEPOSIT,,,,,BRL,20000,,,,
2026-03-03,SELL,ARCX:VOO,VOO,50,476.81,USD,,1,,,
2026-03-05,DIVIDEND,XBOG:ISA,ISA,,,COP,214.96,,33.13,,
2026-03-07,BUY,XNAS:GOOGL,GOOGL,15,138.27,USD,,1,,,
2026-03-09,BUY,BVMF:ITUB4,ITUB4,4,18.30,BRL,,1,,,
2026-03-11,BUY,ARCX:VOO,VOO,3,407.81,USD,,1,,,
2026-03-13,BUY,XNAS:NVDA,NVDA,14,122.46,USD,,1,,,
2026-03-14,BUY,XNAS:GOOGL,GOOGL,19,191.92,USD,,1,,,
2026-03-16,BUY,BVMF:ITUB4,ITUB4,11,23.89,BRL,,1,,,
2026-03-17,SELL,XNAS:AAPL,AAPL,43,131.87,USD,,1,,,
2026-03-19,BUY,ARCX:VOO,VOO,18,474.72,USD,,1,,,
2026-03-21,DIVIDEND,BVMF:PETR4,PETR4,,,BRL,452.17,,13.09,,
2026-03-22,BUY,XNAS:MSFT,MSFT,4,372.90,USD,,1,,,
2026-03-23,BUY,XBOG:PFBCOLOM,PFBCOLOM,200,35188.45,COP,,1,,,
2026-03-24,DIVIDEND,BVMF:WEGE3,WEGE3,,,BRL,109.31,,37.21,,
2026-03-25,BUY,XNAS:MSFT,MSFT,13,201.50,USD,,1,,,
2026-03-27,SELL,XBOG:ISA,ISA,4718,16248.99,COP,,1,,,
2026-03-29,DIVIDEND,XBOG:PFBCOLOM,PFBCOLOM,,,COP,437.54,,18.95,,
2026-03-30,SELL,XNYS:KO,KO,25,72.66,USD,,1,,,
2026-04-01,BUY,ARCX:VOO,VOO,1,242.09,USD,,1,,,
2026-04-02,BUY,XNAS:AAPL,AAPL,3,207.63,USD,,1,,,
2026-04-04,BUY,XNAS:NVDA,NVDA,1,129.94,USD,,1,,,
2026-04-05,BUY,BVMF:ITUB4,ITUB4,15,33.92,BRL,,1,,,
2026-04-07,SELL,XBOG:ECOPETROL,ECOPETROL,6443,1495.93,COP,,1,,,
2026-04-09,BUY,XBOG:PFBCOLOM,PFBCOLOM,800,47424.50,COP,,1,,,
2026-04-11,BUY,XBOG:PFBCOLOM,PFBCOLOM,1500,37965.18,COP,,1,,,
2026-04-13,BUY,XNYS:KO,KO,18,37.33,USD,,1,,,
2026-04-14,DIVIDEND,XNAS:GOOGL,GOOGL,,,USD,318.86,,7.03,,
2026-04-15,BUY,XNYS:KO,KO,6,49.69,USD,,1,,,
2026-04-16,BUY,XNAS:MSFT,MSFT,10,316.61,USD,,1,,,
2026-04-18,BUY,XBOG:PFBCOLOM,PFBCOLOM,1700,30058.79,COP,,1,,,
2026-04-19,BUY,XNAS:MSFT,MSFT,20,404.21,USD,,1,,,
2026-04-20,BUY,XBOG:PFBCOLOM,PFBCOLOM,700,35484.40,COP,,1,,,
2026-04-21,BUY,XNYS:KO,KO,8,73.41,USD,,1,,,
2026-04-22,BUY,BVMF:WEGE3,WEGE3,14,35.25,BRL,,1,,,
2026-04-24,DIVIDEND,BVMF:PETR4,PETR4,,,BRL,486.71,,2.78,,
2026-04-26,BUY,XNAS:NVDA,NVDA,15,81.24,USD,,1,,,
2026-04-27,BUY,XBOG:PFBCOLOM,PFBCOLOM,800,33543.32,COP,,1,,,
2026-04-28,DEPOSIT,,,,,COP,20000000,,,,
2026-04-28,DEPOSIT,,,,,USD,5000,,,,
2026-04-28,DEPOSIT,,,,,BRL,20000,,,,
2026-04-29,DIVIDEND,XNAS:MSFT,MSFT,,,USD,440.02,,46.48,,
2026-04-30,BUY,XNAS:GOOGL,GOOGL,7,122.16,USD,,1,,,
2026-05-02,BUY,BVMF:PETR4,PETR4,20,25.80,BRL,,1,,,
2026-05-04,SELL,XNAS:GOOGL,GOOGL,41,166.31,USD,,1,,,
2026-05-05,BUY,XBOG:ECOPETROL,ECOPETROL,1700,2820.22,COP,,1,,,
2026-05-06,SELL,XNAS:MSFT,MSFT,133,453.68,USD,,1,,,
2026-05-07,BUY,ARCX:VOO,VOO,4,438.47,USD,,1,,,
2026-05-09,DIVIDEND,XNAS:MSFT,MSFT,,,USD,473.38,,5.22,,
2026-05-11,BUY,BVMF:PETR4,PETR4,8,39.57,BRL,,1,,,
2026-05-12,DIVIDEND,XNAS:GOOGL,GOOGL,,,USD,397.72,,37.77,,
2026-05-13,SELL,ARCX:VOO,VOO,44,427.41,USD,,1,,,
2026-05-14,BUY,XBOG:ISA,ISA,300,12044.81,COP,,1,,,
2026-05-15,DIVIDEND,XNAS:AAPL,AAPL,,,USD,77.90,,17.05,,
2026-05-17,BUY,BVMF:PETR4,PETR4,19,27.88,BRL,,1,,,
2026-05-18,BUY,BVMF:PETR4,PETR4,8,24.97,BRL,,1,,,
2026-05-19,BUY,ARCX:VOO,VOO,12,358.80,USD,,1,,,
2026-05-21,BUY,XNAS:GOOGL,GOOGL,8,94.64,USD,,1,,,
2026-05-23,BUY,ARCX:VOO,VOO,1,278.30,USD,,1,,,
2026-05-24,BUY,XBOG:ECOPETROL,ECOPETROL,1900,1629.56,COP,,1,,,
2026-05-26,BUY,ARCX:VOO,VOO,1,357.51,USD,,1,,,
2026-05-27,DIVIDEND,XNAS:MSFT,MSFT,,,USD,140.37,,48.93,,
2026-05-28,DIVIDEND,BVMF:WEGE3,WEGE3,,,BRL,346.88,,48.00,,
2026-05-30,BUY,BVMF:WEGE3,WEGE3,16,41.10,BRL,,1,,,
2026-06-01,BUY,XNAS:GOOGL,GOOGL,15,151.17,USD,,1,,,
2026-06-02,BUY,BVMF:ITUB4,ITUB4,15,37.51,BRL,,1,,,
2026-06-04,SELL,BVMF:WEGE3,WEGE3,62,57.86,BRL,,1,,,
2026-06-05,BUY,XNAS:AAPL,AAPL,3,181.66,USD,,1,,,
2026-06-07,BUY,BVMF:PETR4,PETR4,13,27.16,BRL,,1,,,
2026-06-08,SELL,BVMF:PETR4,PETR4,57,54.81,BRL,,1,,,
2026-06-09,SELL,XBOG:PFBCOLOM,PFBCOLOM,4541,55845.52,COP,,1,,,
2026-06-10,DIVIDEND,XNAS:NVDA,NVDA,,,USD,78.84,,8.54,,
2026-06-12,BUY,BVMF:ITUB4,ITUB4,3,25.93,BRL,,1,,,
2026-06-13,BUY,ARCX:VOO,VOO,17,272.38,USD,,1,,,
2026-06-14,BUY,BVMF:WEGE3,WEGE3,10,27.45,BRL,,1,,,
2026-06-16,BUY,XBOG:ECOPETROL,ECOPETROL,300,1387.10,COP,,1,,,
2026-06-18,SELL,XNAS:NVDA,NVDA,47,128.97,USD,,1,,,
2026-06-20,BUY,ARCX:VOO,VOO,1,338.81,USD,,1,,,
2026-06-22,DEPOSIT,,,,,COP,20000000,,,,
2026-06-22,DEPOSIT,,,,,USD,5000,,,,
2026-06-22,DEPOSIT,,,,,BRL,20000,,,,
2026-06-24,BUY,XBOG:ECOPETROL,ECOPETROL,500,1780.20,COP,,1,,,
2026-06-25,SELL,BVMF:ITUB4,ITUB4,55,25.36,BRL,,1,,,
2026-06-26,BUY,XBOG:ISA,ISA,300,12064.55,COP,,1,,,
2026-06-27,DIVIDEND,XBOG:ISA,ISA,,,COP,95.81,,24.22,,
2026-06-29,BUY,XNAS:AAPL,AAPL,15,203.69,USD,,1,,,
2026-07-01,BUY,XNAS:NVDA,NVDA,13,121.25,USD,,1,,,
2026-07-02,DIVIDEND,XNAS:GOOGL,GOOGL,,,USD,250.16,,36.58,,
2026-07-03,BUY,XNAS:GOOGL,GOOGL,19,140.86,USD,,1,,,
2026-07-05,DIVIDEND,XNAS:AAPL,AAPL,,,USD,330.57,,5.55,,
2026-07-07,BUY,BVMF:PETR4,PETR4,5,38.29,BRL,,1,,,
2026-07-08,BUY,XNAS:AAPL,AAPL,1,198.85,USD,,1,,,
2026-07-09,SELL,XNYS:KO,KO,27,42.59,USD,,1,,,
2026-07-10,BUY,BVMF:WEGE3,WEGE3,13,25.31,BRL,,1,,,
2026-07-12,BUY,XBOG:ISA,ISA,900,12679.37,COP,,1,,,
2026-07-13,BUY,BVMF:ITUB4,ITUB4,15,24.02,BRL,,1,,,
2026-07-14,BUY,XBOG:ECOPETROL,ECOPETROL,1900,2144.31,COP,,1,,,
2026-07-15,BUY,XNAS:NVDA,NVDA,1,104.50,USD,,1,,,
2026-07-16,BUY,XNAS:AAPL,AAPL,8,159.34,USD,,1,,,
2026-07-18,BUY,XBOG:ECOPETROL,ECOPETROL,1700,2716.19,COP,,1,,,
2026-07-19,BUY,XNAS:NVDA,NVDA,6,118.05,USD,,1,,,
2026-07-20,SELL,BVMF:ITUB4,ITUB4,45,23.81,BRL,,1,,,
2026-07-22,BUY,BVMF:WEGE3,WEGE3,19,34.95,BRL,,1,,,
2026-07-23,BUY,BVMF:PETR4,PETR4,18,46.76,BRL,,1,,,
2026-07-25,BUY,XNYS:KO,KO,11,78.43,USD,,1,,,
2026-07-26,SELL,XNYS:KO,KO,23,86.60,USD,,1,,,
2026-07-27,SELL,XBOG:ISA,ISA,3914,28384.55,COP,,1,,,
2026-07-29,BUY,XBOG:PFBCOLOM,PFBCOLOM,200,27704.76,COP,,1,,,
2026-07-30,BUY,BVMF:PETR4,PETR4,7,40.54,BRL,,1,,,
2026-08-01,BUY,XNAS:NVDA,NVDA,9,78.74,USD,,1,,,
2026-08-03,BUY,XNYS:KO,KO,9,80.91,USD,,1,,,
2026-08-05,BUY,XNAS:AAPL,AAPL,8,202.74,USD,,1,,,
2026-08-07,DIVIDEND,XNAS:GOOGL,GOOGL,,,USD,331.24,,25.76,,
2026-08-09,BUY,XBOG:ECOPETROL,ECOPETROL,100,3018.59,COP,,1,,,
2026-08-10,BUY,XNAS:MSFT,MSFT,14,194.30,USD,,1,,,
2026-08-11,BUY,ARCX:VOO,VOO,5,479.25,USD,,1,,,
2026-08-13,BUY,XBOG:PFBCOLOM,PFBCOLOM,900,30868.65,COP,,1,,,
2026-08-14,BUY,XNAS:NVDA,NVDA,12,71.19,USD,,1,,,
2026-08-15,DEPOSIT,,,,,COP,20000000,,,,
2026-08-15,DEPOSIT,,,,,USD,5000,,,,
2026-08-15,DEPOSIT,,,,,BRL,20000,,,,
2026-08-16,BUY,XNAS:AAPL,AAPL,11,157.17,USD,,1,,,
2026-08-17,SELL,XNAS:GOOGL,GOOGL,41,193.13,USD,,1,,,
2026-08-19,BUY,BVMF:PETR4,PETR4,13,43.67,BRL,,1,,,
2026-08-21,BUY,XNAS:MSFT,MSFT,2,191.96,USD,,1,,,
2026-08-22,BUY,XNAS:NVDA,NVDA,2,62.23,USD,,1,,,
2026-08-23,BUY,BVMF:ITUB4,ITUB4,1,40.14,BRL,,1,,,
2026-08-24,BUY,ARCX:VOO,VOO,18,491.00,USD,,1,,,
2026-08-26,BUY,BVMF:WEGE3,WEGE3,6,30.13,BRL,,1,,,
2026-08-28,BUY,ARCX:VOO,VOO,11,524.48,USD,,1,,,
2026-08-29,BUY,XNYS:KO,KO,6,48.29,USD,,1,,,
2026-08-30,BUY,BVMF:PETR4,PETR4,20,41.25,BRL,,1,,,
2026-08-31,SELL,XBOG:ECOPETROL,ECOPETROL,6857,2705.24,COP,,1,,,
2026-09-01,BUY,BVMF:ITUB4,ITUB4,1,35.47,BRL,,1,,,
2026-09-03,BUY,XBOG:ISA,ISA,700,17128.19,COP,,1,,,
2026-09-05,BUY,XBOG:ECOPETROL,ECOPETROL,2000,2601.12,COP,,1,,,
2026-09-07,SELL,XNAS:MSFT,MSFT,103,222.20,USD,,1,,,
2026-09-08,SELL,XNYS:KO,KO,21,81.41,USD,,1,,,
2026-09-09,BUY,XBOG:PFBCOLOM,PFBCOLOM,1900,37670.97,COP,,1,,,
2026-09-10,BUY,XNAS:NVDA,NVDA,3,104.63,USD,,1,,,
2026-09-12,BUY,XNAS:NVDA,NVDA,14,126.26,USD,,1,,,
2026-09-14,SELL,XNYS:KO,KO,16,86.04,USD,,1,,,
2026-09-15,DIVIDEND,XNAS:AAPL,AAPL,,,USD,102.75,,3.24,,
2026-09-16,SELL,XNYS:KO,KO,12,36.46,USD,,1,,,
2026-09-17,BUY,XBOG:ISA,ISA,300,11673.68,COP,,1,,,
2026-09-18,DIVIDEND,XBOG:ISA,ISA,,,COP,380.90,,3.94,,
2026-09-19,BUY,XBOG:ISA,ISA,200,12961.44,COP,,1,,,
2026-09-20,DIVIDEND,XBOG:ECOPETROL,ECOPETROL,,,COP,453.26,,1.92,,
2026-09-21,BUY,XBOG:ISA,ISA,900,11498.49,COP,,1,,,
2026-09-23,BUY,XBOG:PFBCOLOM,PFBCOLOM,400,40454.08,COP,,1,,,
2026-09-24,SELL,ARCX:VOO,VOO,50,458.91,USD,,1,,,
2026-09-26,BUY,XBOG:PFBCOLOM,PFBCOLOM,1700,48913.67,COP,,1,,,
2026-09-28,DIVIDEND,BVMF:WEGE3,WEGE3,,,BRL,227.91,,42.02,,
2026-09-29,DIVIDEND,XBOG:ISA,ISA,,,COP,231.60,,22.05,,
2026-09-30,SELL,XNAS:GOOGL,GOOGL,31,220.72,USD,,1,,,
2023-07-23,SELL,BVMF:ITUB4,ITUB4,34,46.57,BRL,,1,,,
2023-07-24,BUY,XNAS:MSFT,MSFT,14,305.35,USD,,1,,,
2023-07-25,SELL,XNAS:AAPL,AAPL,45,162.19,USD,,1,,,
2023-07-27,DEPOSIT,,,,,COP,20000000,,,,
2023-07-27,DEPOSIT,,,,,USD,5000,,,,
2023-07-27,DEPOSIT,,,,,BRL,20000,,,,
2023-07-29,SELL,XBOG:PFBCOLOM,PFBCOLOM,4680,37727.66,COP,,1,,,
2023-07-31,DIVIDEND,XBOG:ECOPETROL,ECOPETROL,,,COP,387.44,,17.46,,
2023-08-02,BUY,ARCX:VOO,VOO,3,465.57,USD,,1,,,
2023-08-03,BUY,XNAS:AAPL,AAPL,11,184.11,USD,,1,,,
2023-08-04,BUY,ARCX:VOO,VOO,1,324.34,USD,,1,,,
2023-08-05,BUY,XNAS:GOOGL,GOOGL,9,181.07,USD,,1,,,
2023-08-06,BUY,XBOG:ECOPETROL,ECOPETROL,2000,1604.87,COP,,1,,,
2023-08-08,BUY,XNAS:AAPL,AAPL,19,106.36,USD,,1,,,
2023-08-09,BUY,XBOG:PFBCOLOM,PFBCOLOM,800,26797.60,COP,,1,,,
2023-08-10,SELL,XBOG:PFBCOLOM,PFBCOLOM,3710,25798.49,COP,,1,,,
2023-08-12,BUY,XNAS:NVDA,NVDA,9,117.20,USD,,1,,,
2023-08-13,BUY,ARCX:VOO,VOO,17,531.29,USD,,1,,,
2023-08-15,DIVIDEND,ARCX:VOO,VOO,,,USD,275.91,,47.33,,
2023-08-16,BUY,XNAS:GOOGL,GOOGL,18,141.49,USD,,1,,,
2023-08-17,BUY,BVMF:WEGE3,WEGE3,15,37.80,BRL,,1,,,
2023-08-18,BUY,BVMF:WEGE3,WEGE3,13,38.18,BRL,,1,,,
2023-08-19,BUY,XNAS:NVDA,NVDA,1,81.74,USD,,1,,,
2023-08-20,BUY,XNAS:AAPL,AAPL,13,181.10,USD,,1,,,
2023-08-22,BUY,ARCX:VOO,VOO,1,513.70,USD,,1,,,
2023-08-24,DIVIDEND,BVMF:WEGE3,WEGE3,,,BRL,200.41,,12.86,,
2023-08-25,SELL,XBOG:ECOPETROL,ECOPETROL,6143,3083.61,COP,,1,,,
2023-08-26,BUY,XBOG:PFBCOLOM,PFBCOLOM,1600,45733.19,COP,,1,,,
2023-08-27,BUY,BVMF:PETR4,PETR4,7,25.00,BRL,,1,,,
2023-08-28,BUY,XBOG:PFBCOLOM,PFBCOLOM,1400,32694.20,COP,,1,,,
2023-08-30,SELL,XNAS:AAPL,AAPL,44,213.34,USD,,1,,,
2023-09-01,BUY,XNAS:AAPL,AAPL,15,147.78,USD,,1,,,
2023-09-03,BUY,BVMF:ITUB4,ITUB4,16,32.35,BRL,,1,,,
2023-09-04,BUY,XBOG:ISA,ISA,1100,14862.14,COP,,1,,,
2023-09-06,SELL,BVMF:WEGE3,WEGE3,65,34.07,BRL,,1,,,
2023-09-07,BUY,ARCX:VOO,VOO,19,448.58,USD,,1,,,
2023-09-08,DIVIDEND,XNAS:MSFT,MSFT,,,USD,246.60,,38.87,,
2023-09-10,SELL,XBOG:PFBCOLOM,PFBCOLOM,3533,36437.91,COP,,1,,,
2023-09-11,SELL,XNAS:MSFT,MSFT,81,224.49,USD,,1,,,
2023-09-12,BUY,XNAS:NVDA,NVDA,13,67.64,USD,,1,,,
2023-09-13,SELL,BVMF:WEGE3,WEGE3,49,36.83,BRL,,1,,,
2023-09-14,DIVIDEND,XNAS:GOOGL,GOOGL,,,USD,343.43,,39.68,,
2023-09-15,BUY,BVMF:WEGE3,WEGE3,10,30.53,BRL,,1,,,
2023-09-17,DEPOSIT,,,,,COP,20000000,,,,
2023-09-17,DEPOSIT,,,,,USD,5000,,,,
2023-09-17,DEPOSIT,,,,,BRL,20000,,,,
2023-09-18,BUY,BVMF:WEGE3,WEGE3,7,30.66,BRL,,1,,,
2023-09-19,BUY,BVMF:WEGE3,WEGE3,7,54.64,BRL,,1,,,
2023-09-20,BUY,XBOG:ECOPETROL,ECOPETROL,800,3040.79,COP,,1,,,
2023-09-21,BUY,XNYS:KO,KO,5,47.51,USD,,1,,,
2023-09-23,BUY,XBOG:ECOPETROL,ECOPETROL,600,2020.42,COP,,1,,,
2023-09-25,BUY,XNAS:AAPL,AAPL,7,170.88,USD,,1,,,
2023-09-26,BUY,XBOG:ECOPETROL,ECOPETROL,2000,2743.91,COP,,1,,,
2023-09-28,BUY,XNAS:NVDA,NVDA,11,101.95,USD,,1,,,
2023-09-30,BUY,ARCX:VOO,VOO,17,306.53,USD,,1,,,
2023-10-02,BUY,XNAS:NVDA,NVDA,6,75.97,USD,,1,,,
2023-10-04,BUY,BVMF:ITUB4,ITUB4,19,36.72,BRL,,1,,,
2023-10-06,BUY,XBOG:PFBCOLOM,PFBCOLOM,200,25480.89,COP,,1,,,
2023-10-08,BUY,XBOG:PFBCOLOM,PFBCOLOM,900,23341.83,COP,,1,,,
2023-10-09,BUY,XBOG:PFBCOLOM,PFBCOLOM,1600,27541.89,COP,,1,,,
2023-10-10,SELL,XBOG:ECOPETROL,ECOPETROL,5457,1788.43,COP,,1,,,
2023-10-11,DIVIDEND,XBOG:ECOPETROL,ECOPETROL,,,COP,21.79,,39.79,,
2023-10-13,BUY,XNAS:MSFT,MSFT,14,387.13,USD,,1,,,
2023-10-15,BUY,XNAS:AAPL,AAPL,13,92.59,USD,,1,,,
2023-10-16,DIVIDEND,XBOG:ECOPETROL,ECOPETROL,,,COP,338.57,,20.29,,
2023-10-17,BUY,XBOG:ECOPETROL,ECOPETROL,1200,2904.32,COP,,1,,,
2023-10-19,SELL,BVMF:ITUB4,ITUB4,35,44.92,BRL,,1,,,
2023-10-21,SELL,XNAS:GOOGL,GOOGL,30,155.80,USD,,1,,,
2023-10-22,BUY,XNAS:GOOGL,GOOGL,7,165.39,USD,,1,,,
2023-10-23,DIVIDEND,XNAS:NVDA,NVDA,,,USD,182.04,,18.68,,
2023-10-25,BUY,XNAS:GOOGL,GOOGL,13,161.49,USD,,1,,,
2023-10-27,BUY,XNAS:NVDA,NVDA,13,138.94,USD,,1,,,
2023-10-29,SELL,BVMF:WEGE3,WEGE3,43,60.16,BRL,,1,,,
2023-10-30,BUY,BVMF:PETR4,PETR4,9,26.74,BRL,,1,,,
2023-11-01,SELL,XNAS:AAPL,AAPL,42,129.07,USD,,1,,,
2023-11-02,SELL,XBOG:PFBCOLOM,PFBCOLOM,3325,48132.26,COP,,1,,,
2023-11-04,BUY,BVMF:PETR4,PETR4,19,32.29,BRL,,1,,,
2023-11-05,BUY,XBOG:PFBCOLOM,PFBCOLOM,1200,29478.72,COP,,1,,,
2023-11-07,BUY,BVMF:WEGE3,WEGE3,18,54.01,BRL,,1,,,
2023-11-09,BUY,XNYS:KO,KO,1,77.43,USD,,1,,,
2023-11-10,SELL,XBOG:PFBCOLOM,PFBCOLOM,2793,24470.52,COP,,1,,,
2023-11-11,BUY,XNAS:GOOGL,GOOGL,16,150.17,USD,,1,,,
2023-11-12,DIVIDEND,ARCX:VOO,VOO,,,USD,469.28,,1.82,,
2023-11-13,DEPOSIT,,,,,COP,20000000,,,,
2023-11-13,DEPOSIT,,,,,USD,5000,,,,
2023-11-13,DEPOSIT,,,,,BRL,20000,,,,
2023-11-15,BUY,XBOG:PFBCOLOM,PFBCOLOM,400,42321.97,COP,,1,,,
2023-11-16,BUY,XBOG:PFBCOLOM,PFBCOLOM,800,22347.06,COP,,1,,,
2023-11-17,SELL,XNAS:AAPL,AAPL,31,117.78,USD,,1,,,
2023-11-19,BUY,XNYS:KO,KO,9,49.82,USD,,1,,,
2023-11-21,DIVIDEND,BVMF:ITUB4,ITUB4,,,BRL,373.64,,28.31,,
2023-11-22,SELL,XBOG:PFBCOLOM,PFBCOLOM,2395,29490.94,COP,,1,,,
2023-11-23,BUY,XNAS:MSFT,MSFT,18,261.96,USD,,1,,,
2023-11-25,BUY,XBOG:PFBCOLOM,PFBCOLOM,600,48492.80,COP,,1,,,
2023-11-27,BUY,XNAS:MSFT,MSFT,17,182.43,USD,,1,,,
2023-11-28,SELL,XBOG:ISA,ISA,3735,15141.83,COP,,1,,,
2023-11-30,DIVIDEND,XNAS:NVDA,NVDA,,,USD,246.51,,18.61,,
2023-12-02,BUY,XNAS:MSFT,MSFT,15,187.27,USD,,1,,,
2023-12-03,DIVIDEND,XBOG:ECOPETROL,ECOPETROL,,,COP,417.80,,7.70,,
2023-12-04,SELL,XNAS:MSFT,MSFT,77,346.50,USD,,1,,,
2023-12-05,SELL,XNAS:AAPL,AAPL,24,135.17,USD,,1,,,
2023-12-06,BUY,XNAS:MSFT,MSFT,5,369.72,USD,,1,,,
2023-12-07,BUY,XNAS:NVDA,NVDA,16,73.67,USD,,1,,,
2023-12-09,BUY,XBOG:ISA,ISA,300,13200.03,COP,,1,,,
2023-12-11,BUY,XNAS:NVDA,NVDA,1,83.83,USD,,1,,,
2023-12-12,BUY,ARCX:VOO,VOO,6,458.42,USD,,1,,,
2023-12-14,DIVIDEND,XNYS:KO,KO,,,USD,423.75,,39.29,,
2023-12-15,SELL,XBOG:ISA,ISA,2877,28264.34,COP,,1,,,
2023-12-16,SELL,XNAS:MSFT,MSFT,59,283.19,USD,,1,,,
2023-12-17,BUY,XBOG:ISA,ISA,2000,13205.12,COP,,1,,,
2023-12-18,BUY,XBOG:ECOPETROL,ECOPETROL,1100,2312.50,COP,,1,,,
2023-12-19,BUY,XBOG:ECOPETROL,ECOPETROL,700,1952.37,COP,,1,,,
2023-12-20,BUY,BVMF:ITUB4,ITUB4,11,31.40,BRL,,1,,,
2023-12-22,BUY,BVMF:WEGE3,WEGE3,20,47.36,BRL,,1,,,
2023-12-23,BUY,XNAS:MSFT,MSFT,4,373.91,USD,,1,,,
2023-12-24,BUY,XBOG:ISA,ISA,1100,16780.35,COP,,1,,,
2023-12-25,DIVIDEND,BVMF:PETR4,PETR4,,,BRL,77.06,,12.61,,
2023-12-27,SELL,XBOG:ECOPETROL,ECOPETROL,4843,1391.78,COP,,1,,,
2023-12-29,SELL,XBOG:PFBCOLOM,PFBCOLOM,1946,48963.11,COP,,1,,,
2023-12-30,BUY,BVMF:PETR4,PETR4,7,40.83,BRL,,1,,,
2024-01-01,BUY,ARCX:VOO,VOO,16,370.38,USD,,1,,,
2024-01-03,BUY,XNAS:NVDA,NVDA,13,83.06,USD,,1,,,
2024-01-05,BUY,XNAS:NVDA,NVDA,5,99.75,USD,,1,,,
2024-01-06,DEPOSIT,,,,,COP,20000000,,,,
2024-01-06,DEPOSIT,,,,,USD,5000,,,,
2024-01-06,DEPOSIT,,,,,BRL,20000,,,,
2024-01-08,DIVIDEND,XBOG:ECOPETROL,ECOPETROL,,,COP,80.09,,24.99,,
2024-01-10,BUY,XNAS:AAPL,AAPL,2,188.92,USD,,1,,,
2024-01-11,BUY,XNAS:MSFT,MSFT,5,323.88,USD,,1,,,
2024-01-12,BUY,XBOG:PFBCOLOM,PFBCOLOM,300,21400.07,COP,,1,,,
2024-01-14,BUY,BVMF:PETR4,PETR4,8,39.55,BRL,,1,,,
2024-01-15,BUY,BVMF:ITUB4,ITUB4,9,29.68,BRL,,1,,,
2024-01-16,SELL,XBOG:ECOPETROL,ECOPETROL,3632,2202.01,COP,,1,,,
2024-01-17,DIVIDEND,XNAS:AAPL,AAPL,,,USD,12.52,,1.81,,
2024-01-18,BUY,XNAS:NVDA,NVDA,4,131.05,USD,,1,,,
2024-01-20,BUY,BVMF:ITUB4,ITUB4,4,23.93,BRL,,1,,,
2024-01-22,BUY,XNAS:NVDA,NVDA,10,101.33,USD,,1,,,
2024-01-23,BUY,XBOG:ECOPETROL,ECOPETROL,1500,3170.18,COP,,1,,,
2024-01-24,BUY,XNAS:NVDA,NVDA,15,123.97,USD,,1,,,
2024-01-25,BUY,XNAS:NVDA,NVDA,19,130.36,USD,,1,,,
2024-01-27,SELL,BVMF:PETR4,PETR4,71,32.05,BRL,,1,,,
2024-01-29,BUY,XNYS:KO,KO,10,81.22,USD,,1,,,
2024-01-31,BUY,XNAS:NVDA,NVDA,4,79.86,USD,,1,,,
2024-02-01,BUY,XBOG:ISA,ISA,400,11103.55,COP,,1,,,
2024-02-02,BUY,ARCX:VOO,VOO,18,517.18,USD,,1,,,
2024-02-04,BUY,XNAS:NVDA,NVDA,1,81.07,USD,,1,,,
2024-02-05,BUY,XBOG:ISA,ISA,200,12086.70,COP,,1,,,
2024-02-06,BUY,BVMF:PETR4,PETR4,11,24.97,BRL,,1,,,
2024-02-07,DIVIDEND,XNYS:KO,KO,,,USD,345.14,,15.72,,
2024-02-08,BUY,XBOG:ISA,ISA,1200,25159.80,COP,,1,,,
2024-02-10,SELL,XBOG:ECOPETROL,ECOPETROL,3099,3554.31,COP,,1,,,
2024-02-12,BUY,XNAS:AAPL,AAPL,13,199.74,USD,,1,,,
2024-02-14,DIVIDEND,XNAS:AAPL,AAPL,,,USD,232.70,,10.51,,
2024-02-16,DIVIDEND,XNAS:GOOGL,GOOGL,,,USD,319.69,,11.33,,
2024-02-17,DIVIDEND,ARCX:VOO,VOO,,,USD,302.06,,41.22,,
2024-02-19,DIVIDEND,BVMF:PETR4,PETR4,,,BRL,382.90,,35.24,,
2024-02-20,BUY,XNAS:MSFT,MSFT,1,289.64,USD,,1,,,
2024-02-21,BUY,XBOG:PFBCOLOM,PFBCOLOM,600,26938.07,COP,,1,,,
2024-02-23,BUY,ARCX:VOO,VOO,5,389.11,USD,,1,,,
2024-02-25,SELL,XNAS:NVDA,NVDA,85,78.62,USD,,1,,,
2024-02-27,BUY,XBOG:ECOPETROL,ECOPETROL,500,1969.82,COP,,1,,,
2024-02-28,DIVIDEND,BVMF:ITUB4,ITUB4,,,BRL,282.87,,45.75,,
2024-03-01,BUY,XBOG:ECOPETROL,ECOPETROL,1600,3156.09,COP,,1,,,
2024-03-03,DEPOSIT,,,,,COP,20000000,,,,
2024-03-03,DEPOSIT,,,,,USD,5000,,,,
2024-03-03,DEPOSIT,,,,,BRL,20000,,,,
2024-03-04,BUY,BVMF:WEGE3,WEGE3,15,43.37,BRL,,1,,,
2024-03-06,BUY,XBOG:ISA,ISA,600,21135.23,COP,,1,,,
2024-03-08,BUY,BVMF:PETR4,PETR4,8,35.63,BRL,,1,,,
2024-03-10,BUY,XNAS:AAPL,AAPL,2,186.37,USD,,1,,,
2024-03-11,DIVIDEND,XNAS:GOOGL,GOOGL,,,USD,132.02,,26.07,,
2024-03-12,SELL,BVMF:PETR4,PETR4,58,36.66,BRL,,1,,,
2024-03-14,BUY,XNAS:NVDA,NVDA,5,116.84,USD,,1,,,
2024-03-16,BUY,XBOG:ECOPETROL,ECOPETROL,1700,2552.52,COP,,1,,,
2024-03-17,DIVIDEND,BVMF:PETR4,PETR4,,,BRL,464.09,,31.55,,
2024-03-19,BUY,BVMF:PETR4,PETR4,1,30.66,BRL,,1,,,
2024-03-20,BUY,XNAS:GOOGL,GOOGL,18,189.72,USD,,1,,,
2024-03-21,BUY,XNAS:GOOGL,GOOGL,10,165.80,USD,,1,,,
2024-03-23,BUY,XBOG:ECOPETROL,ECOPETROL,1500,3027.91,COP,,1,,,
2024-03-25,BUY,XNYS:KO,KO,19,53.79,USD,,1,,,
2024-03-27,DIVIDEND,XNAS:NVDA,NVDA,,,USD,476.57,,2.85,,
2024-03-28,BUY,BVMF:ITUB4,ITUB4,5,30.67,BRL,,1,,,
2024-03-30,BUY,BVMF:ITUB4,ITUB4,3,37.67,BRL,,1,,,
2024-04-01,BUY,XNAS:AAPL,AAPL,18,118.23,USD,,1,,,
2024-04-02,BUY,XNAS:MSFT,MSFT,18,239.37,USD,,1,,,
2024-04-03,BUY,BVMF:PETR4,PETR4,1,31.55,BRL,,1,,,
2024-04-05,DIVIDEND,XBOG:ISA,ISA,,,COP,251.30,,14.05,,
2024-04-06,BUY,BVMF:PETR4,PETR4,18,48.39,BRL,,1,,,
2024-04-07,BUY,BVMF:WEGE3,WEGE3,6,26.54,BRL,,1,,,
2024-04-09,BUY,XNAS:AAPL,AAPL,5,165.59,USD,,1,,,
2024-04-10,BUY,XNAS:AAPL,AAPL,7,105.43,USD,,1,,,
2024-04-11,BUY,XNYS:KO,KO,12,39.36,USD,,1,,,
2024-04-12,BUY,ARCX:VOO,VOO,13,273.78,USD,,1,,,
2024-04-14,DIVIDEND,BVMF:ITUB4,ITUB4,,,BRL,395.58,,16.30,,
2024-04-15,BUY,BVMF:WEGE3,WEGE3,13,40.56,BRL,,1,,,
2024-04-16,DIVIDEND,XNYS:KO,KO,,,USD,402.40,,32.10,,
2024-04-18,BUY,BVMF:ITUB4,ITUB4,8,31.41,BRL,,1,,,
2024-04-20,SELL,XNYS:KO,KO,23,36.70,USD,,1,,,
2024-04-21,BUY,BVMF:WEGE3,WEGE3,3,46.86,BRL,,1,,,
2024-04-22,SELL,XNAS:MSFT,MSFT,51,389.31,USD,,1,,,
2024-04-23,BUY,XNAS:GOOGL,GOOGL,13,146.75,USD,,1,,,
2024-04-24,SELL,BVMF:WEGE3,WEGE3,51,63.76,BRL,,1,,,
2024-04-26,BUY,BVMF:PETR4,PETR4,20,30.82,BRL,,1,,,
2024-04-28,DEPOSIT,,,,,COP,20000000,,,,
2024-04-28,DEPOSIT,,,,,USD,5000,,,,
2024-04-28,DEPOSIT,,,,,BRL,20000,,,,
2024-04-30,DIVIDEND,XNAS:NVDA,NVDA,,,USD,386.78,,0.96,,
2024-05-02,SELL,XBOG:ECOPETROL,ECOPETROL,3649,2125.48,COP,,1,,,
2024-05-04,BUY,XNYS:KO,KO,15,49.26,USD,,1,,,
2024-05-06,BUY,XBOG:PFBCOLOM,PFBCOLOM,1700,24203.22,COP,,1,,,
2024-05-08,SELL,XBOG:ISA,ISA,3532,16153.63,COP,,1,,,
2024-05-09,BUY,XNAS:NVDA,NVDA,10,65.28,USD,,1,,,
2024-05-11,BUY,XBOG:ECOPETROL,ECOPETROL,1500,2423.30,COP,,1,,,
2024-05-13,DIVIDEND,XNAS:NVDA,NVDA,,,USD,430.56,,20.97,,
2024-05-15,BUY,XNAS:GOOGL,GOOGL,12,104.01,USD,,1,,,
2024-05-17,DIVIDEND,ARCX:VOO,VOO,,,USD,329.36,,22.30,,
2024-05-19,DIVIDEND,XBOG:PFBCOLOM,PFBCOLOM,,,COP,148.88,,31.30,,
2024-05-20,BUY,XBOG:ISA,ISA,1800,16188.34,COP,,1,,,
2024-05-22,BUY,XNYS:KO,KO,12,66.19,USD,,1,,,
2024-05-23,BUY,XNYS:KO,KO,8,67.35,USD,,1,,,
2024-05-25,BUY,BVMF:WEGE3,WEGE3,5,40.07,BRL,,1,,,
2024-05-27,BUY,BVMF:ITUB4,ITUB4,16,34.61,BRL,,1,,,
2024-05-28,SELL,BVMF:PETR4,PETR4,54,41.82,BRL,,1,,,
2024-05-29,BUY,BVMF:ITUB4,ITUB4,17,21.72,BRL,,1,,,
2024-05-31,BUY,XBOG:ECOPETROL,ECOPETROL,1200,1843.88,COP,,1,,,
2024-06-01,BUY,ARCX:VOO,VOO,12,302.64,USD,,1,,,
2024-06-02,DIVIDEND,XNAS:MSFT,MSFT,,,USD,187.22,,35.71,,
2024-06-03,DIVIDEND,BVMF:ITUB4,ITUB4,,,BRL,376.32,,23.19,,
2024-06-04,BUY,XBOG:ECOPETROL,ECOPETROL,800,3004.57,COP,,1,,,
2024-06-06,BUY,XNAS:NVDA,NVDA,19,72.48,USD,,1,,,
2024-06-08,BUY,XBOG:ECOPETROL,ECOPETROL,400,1425.13,COP,,1,,,
2024-06-09,BUY,XNAS:GOOGL,GOOGL,1,110.70,USD,,1,,,
2024-06-10,BUY,XNYS:KO,KO,7,58.95,USD,,1,,,
2024-06-11,BUY,XBOG:ECOPETROL,ECOPETROL,1000,2544.90,COP,,1,,,
2024-06-12,BUY,XBOG:ECOPETROL,ECOPETROL,1900,1623.01,COP,,1,,,
2024-06-14,BUY,XBOG:ISA,ISA,1300,18406.87,COP,,1,,,
2024-06-15,BUY,XNAS:MSFT,MSFT,4,388.80,USD,,1,,,
2024-06-17,BUY,BVMF:WEGE3,WEGE3,6,51.98,BRL,,1,,,
2024-06-19,DIVIDEND,BVMF:PETR4,PETR4,,,BRL,245.20,,21.17,,
2024-06-20,BUY,XBOG:PFBCOLOM,PFBCOLOM,1100,45242.63,COP,,1,,,
2024-06-21,BUY,BVMF:PETR4,PETR4,9,41.57,BRL,,1,,,
2024-06-22,DIVIDEND,XNAS:NVDA,NVDA,,,USD,309.39,,32.61,,
2024-06-23,DIVIDEND,XBOG:ISA,ISA,,,COP,422.43,,48.76,,
